app_id,title,rating,date,isEdited,review,userName,developerResponse
1482760714,Empfehlung,5,2020-12-02T15:10:37Z,False,"Tolle App, ich bin begeistert und vor allem dankbar. Monate m√ºsste ich auf einen Therapieplatz warten, nun kann ich jetzt schon etwas tun.",Jujuk1992,
1482760714,Einfach & effektiv,5,2020-12-04T07:07:22Z,False,"Kann die App sehr empfehlen, besonders die Begleitung durch eine Therapeutin war super!",berti176,
1482760714,Heieiei...,1,2020-12-08T19:24:06Z,False,"Die Inhalte der App werden hier nicht bewertet, sondern die App selbst. Das Scrollen ist einfach total langsam und zeitversetzt. Warum macht ihr sowas? Zudem muss ich mich jedes Mal erneut einloggen, wenn ich die App verlasse. Nicht schlie√üe, sondern einfach nur verlasse. Auf dem iPhone 12 mini ist es zudem extrem selten, dass man den ‚Äûzur√ºck‚Äú Pfeil bei den Videos bet√§tigen kann. Dieser liegt √ºberhalb der Uhr und ist zu 99% einfach nicht klickbar. Und zu ‚Äûguter‚Äú letzt: warum gibt es hier solche seltsamen Felder f√ºr die Texteingaben? iOS Standard w√§re w√ºnschenswert. App aktuell 1 Stern, die Inhalte sind bisher gut.",Mr. Mooky,"Hallo Mr.Mooky, danke f√ºr dein Feedback! Wir haben all die von dir beschriebenen Dinge gefixed. Der erneute Log-In nach dem Verlassen der App ist allerdings erforderlich, um den h√∂chsten Sicherheitsanforderungen zu gen√ºgen. Wir freuen uns, dass du mit dem Inhalt der App zufrieden bist! Viele Gr√º√üe, dein Team von Invirto"
1482760714,Tolle L√∂sung,5,2021-02-25T20:23:54Z,False,Mega gute App! Mega tolles Konzept! Danke,Gonn09,
1511739470,√úbersichtlicher Kopfschmerzkalender mit integrierten Therapiemassnahmen,5,2021-01-19T11:15:38Z,False,"Ich bin total begeistert von dieser App! Tolles Design, √úbersichtlichkeit und die M√∂glichkeit der schnellen Eingabe aller Daten zur Kopfschmerzanalyse! Auch Brainy, der digitale Assistent, sowie der ausf√ºhrliche Wissensteil sind super gelungen. Die erste App, die auch Therapiemassnahmen anbietet. Sehr zu empfehlen!",MiShiCo05,Danke f√ºr dein lobendes Feedback! Das freut uns sehr :) 
1511739470,Mit Verschreibung kostenlos,5,2021-01-23T15:21:41Z,True,"Hab mir mit dem Rezept von meine √Ñrztin einen Code bei der Barmer geholt, ging ganz problemlos. Nach einer Woche war der Code im Briefkasten und alles funktionierte ganz problemlos. Die Beschreibung auf der Website war sehr hilfreich. Danke! Toll!",Schnarchnase82,Vielen Dank! Die 5 Sterne motivieren uns sehr! Dein M-sense Team
1511739470,Tolle App üëç,5,2021-02-28T21:03:03Z,False,"Ich bin total begeistert von der App.  Habe seit 30 Jahren Migr√§ne, nat√ºrlich gibt man die Hoffnung da irgendwann auf, dass es ein Ende nimmt. Mit den Schmerzen muss man Leben, aber ich muss wirklich 5 Sterne daf√ºr geben, weil es mir einfach gut tut. Endlich mal was tolles. Danke daf√ºr.",Cara 04,"Toll, das freut uns sehr und motiviert uns, die App noch besser zu machen!!"
1511739470,Probleme,2,2021-01-12T08:43:32Z,False,"Ich liebe diese App sehr, f√ºr ihre detaillierten Angaben. Und nutze die t√§glich.  Seit dem neuen Update ist es mir allerdings nicht mehr m√∂glich, Kopfschmerz Attacken einzutragen, weil sich die App st√§ndig selbstst√§ndig beendet. Nutze iOS 14.3 Hoffe auf schnelle Beseitigung des Fehlers. üôèüèº",–ΩoœÖ—ïe–ºŒπe—Çze,"Hallo! Danke f√ºr deine Nachricht! Melde dich f√ºr die Problembehebung bitte einmal per E-Mail unter: support@m-sense.de  Viele Gr√º√üe, dein M-sense Team"
1511739470,ich weiss ja nicht... ü§î,2,2021-03-03T17:15:27Z,False,"ich werde hier mal nach und nach punkte auflisten, die unbedingt verbessert werden m√ºssen:  1. tagebuch: graue schrift auf hellgrauem grund? echt jetzt? optimal f√ºr leute mit migr√§ne, denen es sowieso schon l√§stig ist ins licht (display) zu schauen.  man wird gen√∂tigt sich auf kontrastlosem durcheinander, welches auch noch st√§ndig seine position ver√§ndert, die richtige rubrik zu suchen. in minischrift nat√ºrlich.  sehr migr√§niker*innen freundlich. ‚òπÔ∏è da frage ich mich, wie kund*innenorientiert die entwickler*innen bei euch so denken?",reusper,
1511739470,Teuer,1,2020-10-08T12:20:31Z,False,600‚Ç¨ im Jahr die sind doch nicht ganz dicht!,urixteuer,"Es ist f√ºr uns nachvollziehbar, wenn der Preis f√ºr dich hoch erscheint. Auch wenn wir auf deinem Smartphone direkt neben vielen anderen Apps stehen, ist ein Vergleich mit kostenlosen oder g√ºnstigen Apps dennoch nicht ganz fair. Wir sind ein Medizinprodukt mit CE-Kennzeichen und m√ºssen, um von allen gesetzlichen Krankenkassen erstattet werden, einen langen, komplizierten Prozess durchlaufen und viele Voraussetzungen erf√ºllen, z.b. in einer gro√üen Studie zeigen, dass die Nutzung von M-sense Migr√§ne positive Versorgungseffekte hat. Daneben gelten f√ºr uns ganz andere Anforderungen an Datensicherheit, Datenschutz und Risikomanagement als f√ºr die allermeisten Apps in App- und Playstore.  Ab hoffentlich Anfang 2021 k√∂nnen dann alle √Ñrzte und Psychotherapeuten M-sense Migr√§ne als digitale Gesundheitsanwendung (DiGA -> https://diga.bfarm.de/de/diga-nutzer) verschreiben. Die ersten DiGAs haben die Pr√ºfung vom Bundesinstitut f√ºr Arzneimittel und Medizinprodukte durchlaufen und haben √§hnliche Preise wie M-sense Migr√§ne.  Wir sind davon √ºberzeugt, dass auch Migr√§nebetroffene die bestm√∂gliche Versorgung erhalten sollen. Diese gibt es leider nicht umsonst. Wenn du weiterhin skeptisch bist, w√ºrden wir uns freuen, wenn du die M√∂glichkeiten und Kosten von M-sense Migr√§ne einfach mal mit deiner behandelnden √Ñrztin besprichst. Wir haben mit einem Team von Migr√§neforscher*innen, Psychotherapeut*innen und IT-Entwickler*innen 4 Jahre Entwicklungszeit in M-sense Migr√§ne gesteckt und m√∂chten, dass wir vielen Migr√§nebetroffenen helfen k√∂nnen. "
1437379931,Endlich Hilfe zur Selbsthilfe,5,2021-01-27T13:21:03Z,False,"Nachdem ich jetzt schon jahrelang an einem Tinnitus leide und mir kein Arzt wirklich helfen konnte (‚ÄûDamit m√ºssen Sie leider leben‚Äú) habe ich endlich das Gef√ºhl voran zu kommen. Die App funktioniert aus meiner Sicht sehr gut und l√§sst sich ziemlich gut in meinen Alltag integrieren. Ich denke hier gehts nicht um ein ‚Äûausknipsen‚Äú des Ger√§usches geht, sondern eher um das Lernen wie ich aus diesem Teufelkreis (Stress - Ger√§usch - mehr Stress - lauteres Ger√§usch etc) herauskomme. Bezahlen musste ich daf√ºr nichts, da meine Krankenkasse (TK) mir den Code f√ºr 3 Monate zugeschickt hat. Daf√ºr war allerdings ein Rezept n√∂tig. Mir ist schleierhaft warum es das erst jetzt gibt.",Passepartout99,
1437379931,Super App!! Endlich Besserung !!!,5,2020-10-27T07:13:20Z,False,"Ich hab schon seit Jahren Tinnitus und viele verschiedene Therapien ausprobiert. So richtig geholfen hat nichts.  Anf√§nglich war ich wegen einer App skeptisch, aber ich muss sagen sie hat mich komplett √ºberzeugt !!!! Ich habe viel √ºber meinen Tinnitus gelernt und f√ºhlte mich, trotz einer App auf meinem Handy einfach super betreut auf dem Weg. Die Bedienung ist super einfach, das Layout sieht toll aus und auch f√ºr mich der sich Technik nicht so auskennt, war die Bedienung super einfach.  Ein super Programm was einen begleitet und mir bei meinem Tinnitus wirklich geholfen hat. Endlich !!!!  Ich w√ºrde die App jederzeit wieder runterladen und sie allem mit langj√§hrigen Tinnitus Beschwerden von Herzen empfehlen.",Angelika55,
1437379931,"Tolle App, die h√§lt, was sie verspricht",5,2020-10-27T22:53:02Z,False,Einfach zu bedienen und sehr √ºbersichtlich. Ich bin sehr zufrieden!,leaschilling,
1437379931,Endlich!,5,2020-11-02T19:32:22Z,False,"Seit ca 1,5 Jahren nervte mich dieses Pfeifen... ich konnte nicht mehr abschalten und Schlafen entwickelte sich zu einem Graus. Je stressiger mein Alltag war, desto mehr h√∂rte ich es, je mehr ich das Pfeifen h√∂rte, desto mehr war ich gestresst. Ein reiner Teufelskreis. Ein Freund erz√§hlte mir von dieser App. Erst war ich skeptisch, aber was hatte ich schon zu verlieren? Also probierte ich es aus. Und seitdem, m√∂chte ich gar nicht mehr ohne meinen ‚ÄûTinnitus-Coach‚Äú (so hab ich die App liebevoll getauft) sein. Es hilft wirklich!!!! Daher 5 ‚≠êÔ∏è",Nebelchen0808,
1437379931,Scheint zu helfen,5,2021-04-02T12:53:16Z,False,"Auch wenn ich es nicht f√ºr m√∂glich gehalten h√§tte, die App bringt mir wirklich was, auch wenn ich eher von der ungeduldigen Sorte bin, kann ich beim Warten auf das Freischalten einer Etappe einfach die bisherigen √úbungen wiederholen. Scheint sich einer wirklich therapeutisch Gedanken gemacht zu haben. Mir gehts besser und das ist doch wichtig.",FFW-MOL,
1437379931,Endlich ein innovativer Ansatz,5,2020-10-27T07:25:11Z,False,Eine wirklich innovative L√∂sung! Au√üerdem ist die App einfach zu bedienen und liefert einem auch als unerfahrenem Tinnituspatient jede Menge Informationen √ºber die angewandte Methode. Absolut empfehlenswert! üëçüèΩ,Nic_12_Duisburg,
1437379931,Kalmeda bei Tinnitus,5,2020-10-27T20:26:09Z,False,"Die Kalmeda-App ist die erste gepr√ºfte und zugelassene Gesundheits-App, deren Kosten nach Ausstellung eines Rezepts von der gesetzlichen Krankenkasse √ºbernommen werden. Installation und Handhabung nach Registrierung sind einfach. Sehr zu empfehlen.",hob√ºdu,
1437379931,Tolle App,5,2020-10-28T23:59:54Z,False,Die App ist einfach super und hilfreich.  Es funktioniert alles problemlos. Ich bin sehr zufrieden und f√ºhle mich gut beraten damit.  Kann ich nur jedem Empfehlen.,mildan123,
1437379931,Binsenweisheiten,1,2021-02-26T20:34:44Z,False,"Die App gibt die √ºblichen Ratschl√§ge aus der Selbsthilfeliteratur: kein Stress, entspannen, den Tinnitus ausblenden, positiv denken, Selbstwertgef√ºhl st√§rken + Ger√§usche + Meditations√ºbungen. Daf√ºr wird mit knapp 40 Euro pro Monat ein stolzer Preis verlangt. Nach einem Monat h√§ngt man immer noch zwangsweise im ersten von f√ºnf Leveln fest (f√ºr den sind allein 47 Tage vorgesehen, f√ºr den zweiten √ºber 50 Tage usw.), d. h. will man alles sehen, wird man  locker eine mittlere dreistellige Summe los. Wenn es helfen w√ºrde, w√§re es trotzdem gut angelegtes Geld - mit Betonung auf WENN. Bei mir hat sich nichts ver√§ndert. Achtung: Wenn man das Abo beendet, hat man keinen Zugriff mehr auf das bereits absolvierte Programm.",Ahlers123,"Es tut uns leid, dass du trotz Therapie noch keine Ver√§nderung wahrnimmst. Wenn du m√∂chtest, kannst du dich gerne an unsere Tinnitus-Experten wenden ‚Äì wir w√ºrden sehr gerne deinen Therapieerfolg gemeinsam verbessern. Die Wahrheit ist aber leider auch: Egal ob Verhaltenstherapie, Counseling, Ger√§uschtherapie oder Entspannungstechniken, niemand kann eine g√§nzliche Heilung garantieren. Allerdings zeigen erste Daten einer Studie eine deutliche Verbesserung der Tinnitusbelastung durch Kalmeda. Mehr dazu in K√ºrze auf kalmeda.de.   Die aktuelle Leitlinie spricht eine klare Empfehlung f√ºr eine kognitive Verhaltenstherapie aus. Mithilfe verschiedener Techniken lernen Betroffene, besser mit ihrem Tinnitus umzugehen. Dazu geh√∂rt zun√§chst die Ermittlung und Analyse von Faktoren (zum Beispiel Stressausl√∂ser im privaten oder beruflichen Umfeld) sowie die Suche nach alternativen Handlungsm√∂glichkeiten. Verhaltensweisen, die das Leben mit dem Tinnitus negativ beeinflussen, gilt es, Schritt f√ºr Schritt zu √§ndern. Das ist auch der Grund warum die einzelnen Etappen nicht schneller ‚Äûdurchgespielt‚Äú werden sollten. Diese ""Zeitschranken"" sind wichtiger Teil der Therapie. Durch Wiederholungen und Vertiefungen soll eine Nachhaltigkeit erzeugt werden, √§hnlich wie auch im Rahmen einer analogen Therapie. W√§hrend du auf die Freischaltung der n√§chsten Etappe wartest empfiehlt es sich die genannten Themen zu vertiefen oder auch zu wiederholen. Wir w√ºrden uns freuen wenn du uns noch eine Chance gibst ."
1437379931,Wucher Lockvogel Angebot,1,2021-03-16T22:22:29Z,False,"38 eur/mon. Ehrlich? Das ist Abzocke hilfloser Menschen. Die Entwicklung durch Psychologen erfolgte wohl nur um die Kranken Leute hier rein zu locken. Sollte zur Klarheit anfangs mitgeteilt werden, dass die App nur kostenpflichtig Sinn macht. Warum kann man nicht gleich ehrlich sein? Das psychged√∂ns kann man sich sparen, ich brauchs nur gegen Ger√§usche. Der Arzt sagte die App sei gut. Von Rezept hat der aber nix gesagt. Warum bezahlen die KK nicht die App per se, dann muss man nicht nochmal zum Arzt rennen? Da die App nur Bed√ºrftige suchen und nutzen w√ºrden die eh Hilfe brauchen ... umst√§ndlich.  Und es erscheint mir Scharlatanerie zu sein. Wei√ü erst wenn ich Zig eur los bin ob das hilft. Ne Testversion w√§re sinnvoll. Scheinbar funktionieren es nicht^^",Andi_46,"Bei allem Verst√§ndnis f√ºr deine Kritik: Abzocke liegt uns fern ‚Äì ansonsten w√§re Kalmeda nicht als Medizinprodukt in das DiGA-Verzeichnis durch das BfArM aufgenommen worden. Unser Ziel ist es dir mit Kalmeda eine leitlinienkonforme Therapie an die Hand zu geben, mit der du deinen Tinnitus besser in den Griff bekommst.  In der kostenfreien Version kannst du eine Anamnese durchf√ºhren und bekommst ein erstes Gef√ºhl f√ºr die App. Dein Wunsch nach einer besseren Kommunikation nehmen wir gerne mit.  Wenn bei dir ein chronischer Tinnitus diagnostiziert wurde, kannst du zuzahlungsfrei bei deiner KK einen Freischaltcode beantragen. Hierf√ºr ben√∂tigst du lediglich die Diagnose bzw. eine Best√§tigung deines Arztes. Auf kalmeda.de findest du einen entsprechenden Service.  Wir w√ºrden uns freuen wenn du es auf einen Versuch ankommen l√§sst :)  Kalmeda ist die aktuell einzige vom BfArM gepr√ºfte, digitale Gesundheitsanwendung bei chronischem Tinnitus. Wir sind der Meinung, dass die Therapie - im Gegensatz zu den von dir erw√§hnten Noisern - einen nachhaltigen Nutzen hat. Erste Daten einer Studie sind sehr vielversprechend. Mehr dazu in K√ºrze auf kalmeda.de. "
1437379931,Eigentlich eine gute App aber..,2,2021-04-03T21:29:47Z,False,... seit einigen Tagen kann ich die App wegen einer fehlerhaften Verbindung zum Server nutzen. Dabei macht es keinen Unterschied ob via wlan oder Mobilfunk. Ich bitte um zeitige Behebung..,Annoxoli,
1437379931,Goose,1,2021-03-04T20:04:22Z,False,"... in 3 Monaten ca. 15 Abst√ºrze (wer es nicht glaubt dem lass ich gerne die Mails vom Support zukommen) Nach Ablauf des Abo, was ohne ein Hinweis erfolgt, hat man weder Zugriff auf seine Daten in der App noch auf seine absolvierten und bezahlten √úbungsprogramme. Sowas nenne ich moderne Abzocke auf Kosten Menschen die schon genug Probleme haben. Finger weg von dieser Apo, es gibt wesentlich besser und effektivere Methoden seinen Tinnitus zu bew√§ltigen bzw. sich mit ihm zu arrangieren.",Gosse_21,
1437379931,Super App!,5,2020-11-02T17:32:02Z,False,Funktioniert alles ganz einfach und einwandfrei.  5 Sterne!,b.s.47249,
1437379931,üëçüèª,5,2020-10-30T18:24:18Z,False,Super App! Ich habe schon seit Jahren Probleme mit Tinnitus und durch die App eine wesentliche Linderung meiner Beschwerden,Ulli4657,
1437379931,Ohne Moos nix los - Datensammel App!,1,2020-10-06T18:31:16Z,False,"Bis zur Freischaltung f√ºr 38,90‚Ç¨ pro Monat (!!!), ist es eine v√∂llig unbrauchbare Datensammel App. Ohne zuerst eine Registrierung zu absolvieren, geht da garnichts. Ich hab seit √ºber 25 Jahre Tinnitus und so gut wie alles auf dem Gesundheitsmarkt ausprobiert. Was einem hier angeboten wird sind Entspannungs√ºbungen und Musik mit den √ºblichen Ger√§uschen, Meeresrauschen usw. Sowas bekommt man anderswo f√ºr deutlich weniger.",Reiner.Schmeinck,
1437379931,Klasse App,5,2020-10-27T14:31:21Z,False,Ich finde es ist eine sehr gute und hilfreiche App und ich w√ºrde sie jedem weiterempfehlen!,janschilling,
1437379931,Super! Sehr empfehlenswert,5,2020-10-27T07:07:29Z,False,Tinnitus ist ein schwieriges Feld- diese √úbungen helfen mir!!!,JuleAbr,
1437379931,Keine Besserung,1,2021-04-03T18:03:32Z,False,Ich habe diese APP seit Februar dieses Jahres mir hat Sie bis jetzt nicht geholfen und funktionieren tut sie auch nicht mehr keine Verbindung zum Server habe mir eigentlich mehr versprochen,miples1961,
1437379931,App st√ºrzt st√§ndig ab,1,2020-11-24T20:35:53Z,False,"Immer wenn ein zwei Minuten-Timer l√§uft, st√ºrzt die App ab und ich muss Neustarten. Das ist nervig und glaub nicht Sinn und Zweck. Bitte pr√ºfen!",Thulie85,"Hallo Thulie85,    vielen Dank f√ºr das Feedback! Wir haben das Problem in der aktuellen Version behoben. Das Update 1.5.5 ist seit 2 Tagen verf√ºgbar ‚Äì bitte einmal Updaten :) "
1437379931,Schlechte Lesbarkeit & Zwangsregistrierung,1,2020-10-06T19:56:25Z,False,Unter iOS 14 sind Buttons kaum lesbar. Die App startet nur nach einer Registrierung.,sponkolit,
1437379931,Kauf funktioniert nicht!!,3,2019-01-11T13:37:39Z,False,Leider funktioniert der Kauf nicht .,1902 MSV Matze,"Hallo 1902 MSV Matze, der In-App Kauf ist nach einem Update der App nun verf√ºgbar. Wir w√ºnschen viel Erfolg mit Ihrer Therapie."
1437379931,Registrierung funktioniert nicht,1,2020-10-19T12:40:43Z,False,"Nach dem Laden der App soll man sich registrieren. Mehrfache versuche ohne positives Ergebnis.  App deinstalliert, erneut installiert, kein positives Ergebnis.",HolAdo,
1437379931,Top!! Super zufrieden üëç,5,2020-11-27T16:12:22Z,False,üëç,susi12595,
1437379931,Tolle App,5,2019-06-23T11:33:49Z,False,"Wirklich tolle App, l√§uft unglaublich fl√ºssig. Keine bugs oder ‚ÄúRuckler‚Äù bei der Benutzung.  Hier merkt man dass sich wirklich mit der Thematik auseinandergesetzt wurde.  5 Sterne!",marco52718,
1437379931,Verst√§ndlich und hilfreich,5,2019-01-04T12:52:53Z,False,"Endlich eine App, die erstmal nach den Beschwerden fragt und einen individuell ber√§t. Sieht vielversprechend aus!",Sophiewltr,
1437379931,√ñffnet Kalmeda Go nicht,3,2019-01-04T23:35:08Z,False,"Leider √∂ffnet sich die eigentlich App ‚ÄûKalmeda Go‚Äú nicht. Schade, man hat so lange drauf gewartet..",Meerblume,"Hallo Meerblume, der In-App Kauf ist nach einem Update der App nun verf√ºgbar. Wir w√ºnschen viel Erfolg mit Ihrer Therapie."
1437379931,Sehr gute Hilfe bei Tinnitus,5,2019-01-03T18:47:14Z,False,Sehr gute Erkl√§rungen und wirksame Therapieans√§tze,AngiK.1,
1437379931,Sehr gut erkl√§rt,4,2019-01-05T05:20:13Z,False,"Habe viel gelesen √ºber Tinnitus- Behandlungen. Bin mir sicher, da√ü mit dieser Therapie vielen Menschen geholfen werden kann.",D.Krei,
1437379931,Nichts geht,1,2019-02-25T20:48:34Z,False,"Nicht mal die kostenlose Registrierung funktioniert. Aber schon beim Eingabefeld f√ºr Anmeldename und Kennwort kann man die Qualit√§t der App erahnen. Die Felder werden von der virtuellen Tastatur  √ºberdeckt, statt da√ü sie nach oben rutschen. Der Schl√ºsselbund wird auch nicht unterst√ºtzt. Und das sind schon die M√§ngel ohne die App auch nur einmal mit der eigentlichen Funktion genutzt haben zu k√∂nnen.",Intralu,
1437379931,Unreife Abzock-App,1,2020-01-02T10:09:34Z,False,"Ich bin leider gar nicht zufrieden mit der Kalmeda App. Sicher guter Ansatz mit ‚ÄûPsychotherapie‚Äú, aber ist leider ziemliche Abzocke. Hier werden wieder hilfesuchende Tinnitus Patienten ausgenommen...  - keine unverbindliche Probezeit (h√§tte mir eigentlich schon eine Warnung sein m√ºssen...) - schlechte Qualit√§t der Sound: unsanfte √úberg√§nge - wenig Sounds - bei Meditationen kein Abspielen von Kl√§ngen mgl. (wirklich ungeschickt...) - das Bitterste: die einzelnen Psychotherapie Aufgaben sind immer f√ºr 3 oder 7 Tage zu bearbeiten, davor sind sie alle gesperrt, bis dann die n√§chste Einheit nach Tagen freigeschaltet wird. So muss man viele teure Monatsabos nur f√ºr Warten bezahlen. Bei vorbildlichen Apps wie Headspace ist das nicht so. - besonders am Anfang ist das echt frustrierend, da man akut Hilfe ben√∂tigt - man kann allerdings die ersten 3 Tage nur die Einleitung in die App nutzen...",***9,
1437379931,K√∂der,1,2020-07-10T15:10:50Z,False,"Man sollte beim Erwerb dieser App wissen, dass sie dazu dient, den Nutzer zur der App Kalmeda Go zu f√ºhren, deren Verwendung 38,99‚Ç¨ im Monat kostet. Erst nach dem Erwerb bekommt man den Zugriff auf das √úbungsprogramm.",Jo_Lacht,
1437379931,Registrierung,1,2020-01-20T17:41:34Z,False,"Registrierung funktioniert nicht, trotz mehrfacher Versuche",clefil,
1437379931,Funktioniert nicht,1,2020-02-06T18:44:08Z,False,Registrierung nicht m√∂glich!! Es kommt andauernd eine Fehlermeldung.,Micha#@1,
1093858117,"Einfach, √ºbersichtlich, fordern",5,2018-06-05T06:32:22Z,False,"Ich nutze die App zur Pr√§vention, deswegen kann ich nicht sagen, ob sie Betroffenen hilft. Aber ich kann sagen, dass die √úbungen gut gew√§hlt sind, ausreichend erkl√§rt werden um ein sicheres Gef√ºhl zu haben und die ganze Funktionsweise der App so verst√§ndlich und einfach wie m√∂glich gehalten ist. Genau so stellt man sich eine gute App vor. Einzig die fehlende Apple-Health Integration tr√ºbt das Bild. Wenn man schon anderweitige Aktivit√§ten erfassen kann, w√§re der Austausch mit der zentralen Plattform nur die logische Konsequenz. Vielleicht in einer zuk√ºnftigen Version?!  Vielen Dank f√ºr diese gelungene App, die abseits der ganzen Fitness-Abo-Monster den Blick aufs wesentliche hat und hoffentlich beh√§lt.",deepTruth,
1093858117,Probleme nach Update...extrem schnell behoben.,5,2019-07-16T14:20:43Z,False,"Nach dem Update gab es zun√§chst Probleme beim Ausw√§hlen anderer Trainingspl√§ne. Nach den 3 Fragen zu Schmerzen ging es nicht weiter und ich hatte immer noch den ‚Äûalten‚Äú Plan. Sehr √§rgerlich. Eine Nachricht an die Entwickler deckte in der Tat einen Fehler auf, der noch am selben Tag behoben wurde. Dazu ein netter Mail-Kontakt mit dem Entwickler. Ich bin sehr zufrieden.",Bakerman73,"Hallo Bakerman73, wir freuen uns sehr, dass wir den Fehler schnell beheben konnten und dass Sie nun sehr zufrieden sind! Danke noch einmal f√ºr das Feedback gestern. Beste Gr√º√üe vom Vivira Team."
1093858117,Einfach perfekt,5,2021-03-27T19:25:15Z,False,"Ich nutze die App schon mehrere Jahre, mit dem Schwerpunkt unterer R√ºcken. Der Umfang und Ablauf der √úbungen sowie die individuelle Steigerung sind f√ºr mich perfekt auf die Beschwerden abgestimmt. Auch die regelm√§√üige Erfassung des Gesundheits- / Trainingsstands ist sehr gut gel√∂st. Man sollte die √úbungen nat√ºrlich auch pr√§ventiv durchf√ºhren - hier muss ich noch etwas an mir arbeiten, meist nutze ich die App erst im ‚ÄûErnstfall‚Äú, dann f√ºhrt sie allerdings zu schneller Linderung. Ich kann dieses √úbungsprogramm daher uneingeschr√§nkt weiterempfehlen.",Spremberger,
1093858117,"Schade nach Update alle Fortschritte weg, Support reagiert nicht mehr",2,2019-07-16T21:22:09Z,False,"Update meiner Rezension: Schade, nach dem letzten Update hat sich die Struktur der √úbungen total ver√§ndert. Die √úbersichtlichkeit ist dahin. Au√üerdem sind alle meine Fortschritte weg und der Support reagiert nicht mehr. Seltsam, neues Team? App verkauft? Ich habe jedenfalls jetzt gek√ºndigt. Alte Rezension: Die √úbungen sind gut erkl√§rt und der Aufbau der App ist sehr motivierend. Bin selten so lange dran geblieben. K√∂nnte vielleicht etwas flexibler sein, wenn man mal mehr trainieren m√∂chte. Ist nat√ºrlich eher etwas f√ºr Rehabilitation, weniger f√ºr Sportler, aber das ist ja auch so gedacht. Mir helfen die √úbungen jedenfalls sehr um wieder fit und beweglich zu werden und Schmerzen los zu werden, bzw. Zu verringern. Die App l√§uft leider bei mir nicht 100% stabil, aber daf√ºr ist der Support beeindruckend schnell und kompetent. Wenn ich durch alle Level durch bin, h√§tte ich gerne eine Fortsetzung, lieber Support, die mich weiter durch den Alltag begleitet!",Cara2,"Hallo Cara2, vielen Dank f√ºr den Review. Wir haben uns den Sachverhalt heute sehr genau angeschaut und m√∂chten Sie bitten, unter service@vivira.com mit uns Kontakt aufzunehmen. Dann k√∂nnen wir Ihr Anliegen im direkten Austausch kl√§ren. Es tut uns leid, dass unser Support auf eine Ihrer Anfragen scheinbar nicht zeitnah reagiert hat. Das darf nicht passieren, wir geben uns die gr√∂√üte M√ºhe, alle Anfragen innerhalb von 24h zu beantworten. Auf jeden Fall sind wir nach wie vor das selbe Team. Viele Gr√º√üe, Ihr Vivira Team."
1093858117,"Perfekte, zeitlich flexible Unterst√ºtzung",5,2018-08-03T12:52:00Z,False,"Nach √ºber 15 Jahren Leistungssport und sehr intensiver Beanspruchung der Gelenke und Muskeln w√§hrend dieses Zeitraums, musste ich aufgrund einer Kreuzbandruptur   zun√§chst komplett aussetzen. Durch die kurz gehaltenen √úbungseinheiten passt sich das Trainingsprogramm sehr flexibel in meine teilweise straffe Zeitplanung ein und hilft mir erg√§nzend zur Physio dem Konditions- und Muskelabbau entgegenzuwirken.",field_hockey_player,
1093858117,Sehr hilfreich,5,2018-06-29T08:31:18Z,False,Ich habe seitdem ich die App nutze eine sehr gute Mobilit√§t! Gut gemacht !,l√ºttchen,
1093858117,Professionelle Umsetzung,5,2018-07-02T14:03:15Z,False,Bei der Vielzahl an Fitness- und Gesundheits-Apps sticht diese besonders hervor. Einfache Handhabung und professionelle Umsetzung in Zusammenarbeit mit √Ñrzten hilft diese App die Fitness/Gesundheit zu erhalten und zu verbessern. Good Job. Weiter so.,Tantephie,
1093858117,"Sehr gut, hat mir schon nach einer Woche deutlich was gebracht",5,2018-07-02T10:45:15Z,False,Danke f√ºr den schnellen Service,Manni4pr,
1093858117,hat sehr geholfen,5,2018-05-06T06:38:53Z,False,Nach 4 jahren mit schmerzen hat mir diese Anwendung sehr bei der R√ºckehr in den Alltag geholfen. Weiter so!,Mirco L.,
1093858117,Endlich mal realistisch,5,2018-08-11T11:37:58Z,False,"Ich bin begeistert! Endlich mal eine App bei der man nicht 200 einbeinige Squats und 60 einh√§ndige Liegest√ºtz empfohlen kriegt, sondern realistische aber effektive √úbungen in sinnvoller Wiederholungszahl.... So h√§lt man auch durch! Vielen Dank....",steffiVS85,
1093858117,Gut durchdacht & effektiv,5,2018-05-09T07:09:58Z,False,"Man merkt, dass die App nicht noch ein Fitbessanbieter ist, sondern ein medizinisches Konzept hat. Die √úbungen sind durchdacht und zielen klar darauf ab, eine bessere k√∂rperliche Verfassung herzustellen.",Thenaturalist,
1093858117,Selbst 1 Stern ist Zuviel,1,2020-01-11T12:33:55Z,False,Die √úbungen wiederholen sich permanent. Insgesamt erh√§lt man immer 4 √úbungen pro Tag diese wechseln sich t√§glich ab sodass man √ºber lange Zeit nur Insgesamt 8 √úbungen hat. Mit den 4 √úbungen ist man in 10 Minuten durch. Man wechselt zwar nach einiger Zeit in eine neue Stufe und damit vlt auch in neue √úbungen aber nach nun insgesamt 50 Tagen und 1000 Wiederholungen habe ich immernoch Stufe 1. obwohl ich nach jeder √úbung keine Schmerzen und konnte jede √úbung wiederholen anklicke.  Eine Anfrage beim Service ergab das der Sache nachgegangen wird und sich Anfang der Woche nochmal jemand meldet aber bisher kam nichts (Ende der Woche) f√ºr 44‚Ç¨ f√ºr 3 Monate erwarte ich deutlich mehr. Ich werde wecheln da gibt es eine App  K*** die wesentlich besser ist und wohin ich wechseln werde. Wirklich schade da mir das Prinzip mit dem ausw√§hlen des Schwerpunktes des Trainings und die Analyse mir gut gefallen hatte.,Hausschuh88,"Hallo Hausschuh88, danke f√ºr die Nachricht. Wir m√∂chten Ihrer Beschwerde unbedingt nachgehen und das Problem l√∂sen. Unser Kundenservice hat inzwischen alle Anfragen, die √ºber die Feiertage erhalten wurden, beantwortet und somit hoffentlich auch die Ihre. Bitte verzeihen Sie die Verz√∂gerung. Falls Ihre Anfrage jedoch noch immer nicht beantwortet wurde sind wir Ihnen dankbar f√ºr eine kurze Nachricht an service@vivira.com, damit wir direkt mit Ihnen Kontakt aufnehmen k√∂nnen. Herzlichen Dank f√ºr Ihr Verst√§ndnis, das Vivira Team in Berlin."
1093858117,Empfehlenswertes Eigen√ºbungsprogramm,5,2018-05-03T12:21:31Z,False,"Vivira funktioniert zur Schmerzreduktion bei Patienten, die zwischen Therapieterminen zu Hause √ºben sollen, sehr gut. Ebenfalls zur Fortf√ºhrung wenn keine Physiotherapie mehr von der Kasse gezahlt wird.",tomski1234,
1093858117,Perfekte Erg√§nzung,5,2018-08-12T21:00:51Z,False,"Die App hat mich bisher super begleitet und mir die richtigen Anleitungen gegeben, um nach meiner Verletzung wieder Kraft und Beweglichkeit in meinen Fu√ü zu bekommen. Obwohl ich Physio bekommen habe, hat mir das nicht ausgereicht. Mit der App konnte ich zu Hause noch selber weiter machen. Endlich wieder joggen ohne humpeln. Danke!",FranziV.,
1093858117,Eine gro√üe Hilfe f√ºr meinen Alltag,5,2018-05-06T10:15:33Z,False,"Ich √ºbe mit Vivira bereits seit einiger Zeit und sp√ºre bereits, wie es mir dabei hilft, mich besser zu f√ºhlen und schmerzfreier meinen Alltag zu erleben. Eine hilfreiche und leicht handhabbare App f√ºr jeden Tag - wirklich zum Weiterempfehlen!",Matthias aus B.,
1093858117,Danke Vivira!,5,2020-04-06T06:56:01Z,False,Danke! Ich mache jetzt seit 1 Woche jeden Tag √úbungen f√ºr meine H√ºfte und sp√ºre schon eine Verbesserung. Zeitlich ist der Aufwand viel weniger als ich dachte. Die √úbungen sind abwechslungsreich und machen Spa√ü. Handhabung leicht und gut verst√§ndlich. Ich mache weiter!,Caro Bartel,
1093858117,Sehr zufrieden,5,2019-06-29T16:40:13Z,False,Das Programm hilft mir sehr in meinem pers√∂nlichen Problembereich (R√ºcken/Schultern) systematisch zu arbeiten!,Tweety Andi,
1093858117,"Gute App, aber seit kurzem mit Einloggen",3,2020-09-14T05:58:45Z,False,"Super App, ich benutze sie  weil ich R√ºckenschmerzen im oberen R√ºcken habe und muss sagen, dass nach wochenlangen sport-Pausen selbst diese ‚Äûeinfachen‚Äú √úbungen schon helfen etwas Kraft aufzubauen. Nach ca. eine Woche Anwendung sind die Schmerzen wieder weg.   Leider muss ich mich seit neustem t√§glich einloggen, was sehr nervig ist. Ging es auch ohne , bzw. Man wurde nicht noch 2h Inaktivit√§t rausgeschmissen. Das sollte ge√§ndert werden.",Me12435273648,
1093858117,Grandios - bin wieder mobil,5,2018-02-13T21:56:25Z,False,Endlich eine App die auch hilft - hat mir meine Beweglichkeit und Lebensfreude zur√ºckgebracht!!!,flotte charlie 85,
1093858117,"Tolle App, um zuhause an Gelenksproblemen zu arbeiten",5,2018-04-12T13:55:11Z,False,"Wirklich tolle App! Sie hilft mir sehr dabei, meine Schulterprobleme in den Griff zu bekommen. Kann ich nur weiterempfehlen!",Archiebartchie,
1093858117,Dankesch√∂n an Vivira,5,2019-03-23T14:10:51Z,False,"Vivira hat mir geholfen, bei den √úbungen dranzubleiben. Als die Schmerzen neulich wiederkamen machte ich 2 Wochen Vivira und es lief wieder.",KathiBarsch,
1093858117,Hervorragend,5,2018-02-25T09:55:41Z,False,"Eine App, die sich an die Leistungsf√§higkeit anpasst und motiviert, weil man Fortschritte sieht (f√ºhlt).",Lachdenklich,
1093858117,Jetzt kostenpflichtig,3,2019-07-22T20:33:41Z,False,"War ein gro√üer Fan der App und habe sie regelm√§√üig benutzt. Nun ist sie leider seit dem letzten Update kostenpflichtig geworden, nachdem man einige Workouts gemacht hat. W√§re grunds√§tzlich dazu bereit, f√ºr die meiner Meinung nach gute Qualit√§t zu zahlen, aber nicht den aufgerufenen Preis. Schade!",HennesF,
1093858117,Dankesch√∂n,5,2018-03-04T17:42:36Z,True,Vielen lieben Dank f√ºr die z√ºgige Behebung der Fehler. Es l√§uft alles wieder einwandfreiüëç Nun k√∂nnen wir wieder flei√üig trainieren.,Maile;),"Hallo Maile, vielen Dank f√ºr Deinen Hinweis! Gerade habe ich auch Sandi (siehe oben) geantwortet - unser Technikteam hat das Problem behoben und es sollte alles wieder einwandfrei funktionieren. Falls auf Deinem iPad Air dennoch Probleme auftreten, lass es uns bitte wissen. Wir k√ºmmern uns dann sofort darum. Herzliche Gr√º√üe und erfolgreiches Trainieren mit Vivira! Aus Berlin, Philip und das Vivira Team."
1093858117,Sehr empfehlenswert!,5,2019-06-04T05:37:35Z,False,"Der Aufbau der √úbungen ist gut erkl√§rt, die Steigerung dem eigenen Leistungsverm√∂gen sehr gut angepasst und es macht Spass! Schon nach kurzer Zeit ist eine deutliche Verbesserung der Beweglichkeit sp√ºrbar. Sehr motivierend!",Gea49,
1093858117,"Gute App, hilft wieder rein zu kommen",5,2019-09-14T13:14:24Z,False,"Die √úbungen passen, auch wenn man nicht fit oder kr√§ftig ist, hilft mir grad. Sonst w√ºrd ich nix tun üëçüëçüëç",Fabiankkk,
1093858117,√úberzeugend,5,2018-02-10T12:05:27Z,False,"Ich bin selbst Arzt. Das Produkt hat mich sehr √ºberzeugt, ich hoffe, dass alle Anwender so wie ich davon profitieren k√∂nnen.",Hemlut,
1093858117,Klasse √úbungen,5,2018-09-27T13:59:52Z,False,"Die √úbungen sind gut zu verstehen und einfach umzusetzen, auch wenn man kein Fitnessguru ist. Tats√§chlich gingen meine Schmerzen merklich zur√ºck. Bin rundum zufrieden!",Ich hab R√ºcken,
1093858117,Gute  √úbungen,4,2019-03-17T18:53:18Z,False,"Die App beinhaltet wirklich gute √úbungen, die die Beweglichkeit erh√∂hen und Schmerzen vorbeugen. Jede √úbung wird sehr gut mit Text und Video beschrieben und erkl√§rt. Das einzige was mich st√∂rt ist der fehlende ‚ÄûLandscape‚Äú-Modus.",NightmareCC,
1093858117,"Ok, aber den Preis nicht wert",2,2020-11-10T09:51:40Z,False,"Ich Fan die App ganz ok, nicht wirklich gut, da sie nicht intelligent genug mitdenkt. Wirklich effektive √úbungen konnte man nur machen, wenn man keinerlei Beschr√§nkungen angibt. Muss man halt selbst aufpassen. So richtig √ºberzeugt war ich nie, weil ich auch die Erkl√§rungen nicht richtig hilfreich fand. Oft wusste ich nicht, ob ich es richtig oder falsch mache. Da die App nun f√ºr mich nicht mehr kostenlos ist: F√ºr 79,90‚Ç¨ im Monat kann man durchaus bessere Apps oder sogar Studios finden. Auch jetzt Orthop√§den abzuklappern, die das verschreiben, ist wirklich zu viel Aufwand. Werde es nicht mehr nutzen.",1_2_soph_3,
1093858117,Super n√ºtzliche Unterst√ºtzung meiner Physio,5,2019-03-22T07:21:34Z,False,"Die App macht es mir leicht meine  √úbungen richtig und regelm√§√üig auszuf√ºhren! Und es motiviert mich, zu sehen wie ich Fortschritte mache. Empfehlenswert!",bionicluuksta,
1093858117,Funktioniert topp,5,2019-08-31T12:54:00Z,False,"Schmerzen sind weg, einfach gel√∂st, App ist easy das Geld wert. Bin ein Fan, Danke",Dirk_Wendt73,
1093858117,Wieso nur im Hochformat?!,4,2020-05-05T13:17:57Z,False,"Ich habe k√ºrzlich begonnen die App zu nutzen. Die √úbungen finde ich gut, wenn auch etwas arg zaghaft. Das Programm k√∂nnte ruhig etwas h√§rter sein f√ºr meinen Geschmack. Allerdings verstehe ich, dass man sich so besser an die verschiedenen Typen und M√∂glichkeiten anpassen kann. Deshalb w√§re es super, wenn man etwas mehr Einflu√ü auf den Schwierigkeitsgrad nehmen k√∂nnte. Das schlimmste finde ich, dass man nicht in das Querformat wechseln kann. Das macht auf dem iPad mal so gar keinen Sinn! Das sollte sich auf jedem Fall √§ndern. Fazit: Ich werde die App definitiv weiter benutzen, allerdings nicht als Hauptprogramm sondern zus√§tzlich zu meiner eigentlichen Routine. Super finde ich das Infomaterial. Au√üerdem toll, dass alles, im Moment zumindest, kostenlos ist!!! F√ºnf Sterne gibt es aber trotzdem erst, wenn die App im Querformat funktioniert!",sal*,"Vielen Dank f√ºr den ausf√ºhrlichen Review, sal*! In der Tat m√ºssen wir aus medizinischer Sicht die √úbungen erst einmal sachte angehen lassen. Der Schwierigkeitsgrad nimmt dann aber relativ schnell zu, selbst f√ºr recht fitte Nutzer. Das Querformat haben wir in Entwicklung, dass kommt! Freuen uns sehr √ºber die 5 Sterne, sobald Du bereits bist uns diese zu geben. Beste Gr√º√üe vom Vivira Team. "
1093858117,Gute App,5,2021-02-24T15:57:00Z,False,"Gute √úbungen, gut erkl√§rt, hilft mir gerade wirklich sehr",Roadking2099,
1093858117,Einfach. Wirkungsvoll.,5,2018-10-07T20:38:08Z,False,"Kein Zauber, sondern einfache √úbungen die bei regelm√§√üiger Durchf√ºhrung sehr viel bewirken!  Danke.",Janek Hoffm√ºller,
1093858117,Mein AllZeitTrainer,5,2018-04-10T06:27:50Z,False,"Endlich ein Trainer, der immer f√ºr mich Zeit hat. Er unterst√ºtzt mich super einfach bei meinen t√§glichen √úbungen.",Bernd|M,
1093858117,Danke!,5,2020-08-24T07:51:31Z,False,Vielen Dank f√ºr die kostenfreie Zurverf√ºgungstellung w√§hrend der COVID-19-Krise. ‚ù§Ô∏è,Fr3ddyF0x,
1093858117,Geht nicht mehr,3,2018-06-14T15:21:05Z,False,"Mein App habe ich kostenlos von meinem Orthop√§den bekommen. Nach 1 Monat ist er runtergest√ºrzt, ich komme nicht mehr rein. Was kann ich tun. Ich habe es neu installiert, es üôÖ‚Äç‚ôÄÔ∏èüò©",Denanek,"Hallo Denanek, vielen Dank f√ºr Deinen Hinweis! Unser Technikteam hat das Problem behoben, Dein Account sollte wieder einwandfrei funktionieren. Probiere bitte noch einmal in Dein Vivira Programm reinzukommen. Falls noch immer Probleme bestehen, sende uns gern eine Email an service@vivira.com, wir helfen Dir dann umgehend pers√∂nlich weiter. Herzliche Gr√º√üe und erfolgreiches Trainieren mit Vivira! Aus Berlin, Philip und das Vivira Team."
1093858117,Tolle App - neuerdings aber am abst√ºrzen,3,2020-07-09T17:33:45Z,False,"Ich w√ºrde gerne 5 Sterne geben, denn die √úbungen sind gut und hilfreich und dosiert. Allerdings st√ºrzt die App nun immer mitten im Video ab und schlie√üt sich einfach. Und das dauernd! :( Bitte beheben!",Mali Tiger,"Danke f√ºr Deinen Review, Mali Tiger. Wir haben die Abst√ºrze der App in unseren Systemen registriert und arbeiten mit Hochdruck daran, das Problem zu beheben. Beste Gr√º√üe, das Vivira Team."
1093858117,App h√§ngt,3,2021-03-24T09:41:25Z,False,"Ich wollte heute √úbungen mit der App machen. Nach der ersten √úbung hat sich die App aufgeh√§ngt, w√§re sch√∂n wenn das schnell geregelt wird und ich weitermachen kann. Danke",eni141414,"Hallo eni141414, vielen Dank f√ºr das Review. Wir haben daraufhin einen Check unserer Systemplattformen durchgef√ºhrt und konnten vorerst keine St√∂rung feststellen. W√ºrdest Du freundlicherweise an unsere Service-E-Mail schreiben unter service@diga.vivira.com, dann k√∂nnen wir mit Dir nochmal eine tiefere Ursachenforschung betreiben. Beste Gr√º√üe, Dein Vivira Service Team"
1093858117,Einfach klasseüëç,5,2018-03-02T10:51:04Z,True,"Vielen Dank f√ºr das Update, jetzt kann ich endlich wieder mein Training machen !!!  Es macht einfach Spa√ü zu trainieren. üëè Jetzt bin ich hoffentlich bald wieder schmerzfrei üí™",Sandi4776543,"Hallo Sandi,   vielen Dank f√ºr den Hinweis. Es tut uns leid, dass es nun doch ein paar Tage gedauert hat. Seit gestern sollte das Problem aber endg√ºltig behoben sein. Bitte lass uns gern wissen, falls Du weitere Anregungen zum Produkt hast. Wir freuen uns immer sehr, von Dir und anderen Nutzern zu h√∂ren!   Herzliche Gr√º√üe Philip und das Vivira Team"
1093858117,Echt gut,5,2019-03-23T14:05:20Z,False,"Tut mir echt gut, hab schon viele Apps probiert",Nickschi73,
1093858117,Nur 1 Probetag,2,2020-01-15T15:21:15Z,True,"An sich macht die App einen guten Eindruck und zeigt √úbungen, die mir aus der Schmerzklinik bekannt sind. Auch die regelm√§√üige Fortschrittskontrolle gef√§llt mir.   Allerdings ist 1 Probetag ein Witz!!! Und nicht jeder hat Kontakt zu einem Physiotherapeuten, den er davon √ºberzeugen muss, sich zu registrieren. Der Zweck dahinter ist klar, der Physiotherapeut soll die App kennenlernen und sie dann gerne seinen Patienten empfehlen.   Schade! Das ist ein falscher Ansatz, und zumindest mich kann Vivira  so nicht als Kundin gewinnen.  Bei Kaia werden 7 Tage Probezeit einger√§umt, ein, wie ich finde, angemessener Zeitraum um zu erkunden, ob man mit der App zurecht kommt.  P.S. Jetzt habe ich Nachricht vom Team bekommen, dass die Probezeit auf 7 Tage verl√§ngert wurde. Tolle Reaktion, jetzt werde ich die App testen und bin gespannt!",Tigull 09,"Hallo Tigull 09, vielen Dank f√ºr die Nachricht. Da Vivira Nutzer in den letzten Wochen vermehrt darum gebeten hatten eine l√§ngere Probezeit f√ºr die Nutzung zu bekommen, haben wir die Probezeit nun auf 7 Tage erh√∂ht. Somit soll gen√ºgend Zeit gegeben werden, Vivira auszuprobieren und kennen zu lernen. Lassen Sie uns gern jederzeit wissen, falls Sie Fragen zu Vivira oder der optimalen Nutzung unserer Programme haben. Sie erreichen uns unter service@vivira.com. Beste Gr√º√üe, Ihr Vivira Team."
1093858117,"Fachlich gut, aber Abzocke",3,2019-11-27T18:49:27Z,False,"Schon am 2.Tag h√§tte ich Premium nehmen m√ºssen, das ist nicht ok. Au√üerdem gibt es keinen Ton f√ºr die √úbungen.",chribeu,"Hallo chribeu, danke f√ºr Ihren Review. √úber Ihren Arzt oder Physiotherapeuten k√∂nnen Sie eine verl√§ngerte Probephase von Vivira bekommen, falls sich Ihr Arzt oder Physiotherapeut unter service@vivira.com an uns wendet. Wir hoffen, Ihnen hiermit weiterhelfen zu k√∂nnen. Beste Gr√º√üe, Ihr Vivira Team"
1093858117,Super App,5,2019-03-21T15:02:11Z,False,Toll f√ºr Menschen mit R√ºckenschmerzen. Unbedingt zu empfehlen!,MikePeter,
1093858117,Eigentlich super,2,2020-05-24T16:15:28Z,False,Aber seit dem letzten Update st√ºrzt die App immer nach einer halben Minute ab.,Selena Lowell,
1093858117,Etwas teuer ...,3,2019-03-07T08:05:16Z,False,"Die Probe√ºbungen sind wirklich gut, aber das Abo ist mir einfach zu teuer!",drmablo,
1093858117,IST OK,3,2019-02-23T05:36:46Z,False,Mal schnell f√ºr zwischendurch,Lee...r,"Hallo Lee...r, vielen Dank f√ºr Deine Nachricht!  Wir m√∂chten Dich auf jeden Fall optimal unterst√ºtzen. Daher ist es uns wichtig zu verstehen, wie wir noch besser f√ºr Dich da sein k√∂nnen.  W√ºrdest Du uns eine Nachricht unter support@vivira.com schreiben? So k√∂nnen wir direkt auf Deine Verbesserungsideen eingehen.  Viele Gr√º√üe, das Vivira Team in Berlin"
1093858117,was soll man da an sterne vergeben,3,2019-07-27T08:35:25Z,False,grunds√§tzlich eine solide app und  mit sicherheit  als erg√§nzung zur bestehen therapie oder als gesundheitsvorsorge gut.   daf√ºr g√§be es 5sterne  nun das negative  die kosten f√ºr ottonormal nicht akzeptabel  selbst f√ºr mich ungemein hoch zumal man im g√ºnstigsten fall j√§hrlich 100 euro zahlen muss.   das ist der grund warum diese app nich auf meinem smartphone bleiben kann.   schade,weblica,
1093858117,Datensammler,1,2020-01-01T10:11:54Z,False,.... au√üerdem nutzen wir Ihre Daten f√ºr die Forschung.  In den Datenschutzbestimmungen gelesen und App gel√∂scht.,thomasgotschi,"Hallo thomasgotschi, danke f√ºr die Nachricht. Es ist uns sehr wichtig klar zu stellen, dass wir Daten an Forschungseinrichtungen nur weitergeben, wenn Sie als Nutzer uns dazu Ihre explizite und spezielle Einwilligung erteilt haben. Und selbst dann nur anonymisiert und aggregiert. Niemals so, dass der R√ºckschluss auf Ihre Person m√∂glich w√§re. Wenn wir nicht mit einer speziellen Anfrage zur Unterst√ºtzung der Forschung auf Sie zukommen, stellt sich auch die Frage der Nutzung der Daten f√ºr die Forschung nicht. Ich bitte Sie, dass wir kurz per E-Mail oder Telefon zu dieser Frage korrespondieren, so dass es keine Missverst√§ndnisse gibt. In zuk√ºnftigen Versionen der Datenschutzerkl√§rung werden wir diesen Zusammenhang klarer zum Ausdruck bringen. Danke also nochmals f√ºr das Feedback. W√ºrden Sie mir freundlicherweise kurz unter support@vivira.com schreiben, so dass wir Kontakt haben k√∂nnen? Mit freundlichen Gr√º√üen, Philip Heimann, Co-Founder & Gesch√§ftsf√ºhrer, Vivira Health Lab GmbH"
1093858117,Great solution for home exercises!,5,2020-04-17T08:48:45Z,False,Finally good physiotherapy at home during the Corona-time! I‚Äôve got some issues with my back and this app helps me to keep it fine and to relax my muscles right way.,Hikari Nakano,
1093858117,Ahja,1,2020-05-24T11:32:58Z,False,Nur mit Konto nutzbar. Erf√§hrt man auch erst nach Beantwortung diverser Fragen.,Krone89,"Danke f√ºr Deinen Review, Krone89. Vivira ist als digitale Gesundheitsanwendung rechtlich dazu verpflichtet, Nutzer √ºber sicherheitsrelevante Produktinformationen und -updates zu informieren. Dies ist in der DiGA-Verordnung des Digitale Versorgung Gesetz (DVG) geregelt. Falls Du Fragen dazu hast, m√∂chten wir Dir gern weiterhelfen, bitte sende diese an: service@vivira.com. Wir bitten entsprechend um Dein Verst√§ndnis. Beste Gr√º√üe, das Vivira Team."
1093858117,F√ºr Rentner geeignet,2,2018-07-24T17:14:37Z,False,F√ºr Sportler nicht,ladida1820,"Hallo Ladida1820, vielen Dank f√ºr Ihre Nachricht. Wir m√∂chten gern verstehen, mit welchen Inhalten wir Sie am besten unterst√ºtzen k√∂nnen. Vivira wird auch von vielen Sportlern genutzt, die mit orthop√§dischen Problemen zu k√§mpfen haben. Unsere Programme starten immer recht einfach, es gibt dann Tag f√ºr Tag Progressionen, falls die Ausf√ºhrung der √úbungen dies zul√§sst. Sie k√∂nnen uns gern eine Nachricht an support@vivira.com schreiben. Eine unserer Physiotherapeutinnen wird Ihnen dann gern Fragen zum Training mit Vivira beantworten. Wir m√∂chten Sie optimal unterst√ºtzen. Beste Gr√º√üe, das Vivira Team in Berlin"
1093858117,Great exercises to get and stay fit,5,2018-08-01T07:45:55Z,False,I started this year with severe back pain due to a herniated spinal disc. A combination of physiotherapy and the Vivira Back program helped me alleviate the pain. Now I‚Äòm using the app for preventive exercises. So far a great success!,JoggaF,
1093858117,Good exercises,5,2018-07-02T12:41:26Z,True,Good and easy exercises to follow up.,IrielAloni,"Hi Iriel, thanks for your note. I know it's been a while since you wrote this review. You may have noticed that in the mean time, Vivira covers the entire body, including upper and lower extremities, and the back. Does this address your concerns of last year? Give it a try and tell us what you think! Best regards, Philip and the Vivira Team"
1093858117,A pity...,1,2019-07-13T17:16:02Z,False,"Since the latest update (2.18) it seems impossible to use the free version and the free trial of the premium version has disappeared. This is not updated in the description, that still promises a free version!",bimbacia,"Hi bimbacia, thank you for the review. After offering extensive free usage of Vivira exercises since the product came to market, we had to more tightly limit the number of exercises that could be done for free. Please note that there still is a free version of Vivira, consisting mainly of your monthly movement test and weekly wellbeing journals. But yes, continuing your training with a personalized exercise progression now requires users to pay after a few exercises. Thank you for understanding. Sincerely yours, the Vivira Team."
1093858117,TOP!!,5,2018-09-01T20:23:05Z,False,"Danke Vivira, genau was ich brauche!",Katharina71,
1093858117,Hilfreich,5,2017-05-04T12:13:17Z,False,Hilft auf jeden Fall am Ball zu bleiben. Schmerzen am Knie gehen bei mir sukzessive zur√ºck,H. Wolff,
1093858117,Sehr geholfen,5,2017-07-11T13:27:16Z,False,Ich habe meine R√ºckenschmerzen nach 3 Wochen endlich in den Griff bekommen,nic-007,
1093858117,Einfach & Gut,5,2017-05-01T10:36:54Z,False,Endlich mal eine ehrliche App die mir einfach hilft meinen R√ºcken langsam aber sicher wieder fit zu machen. Ich muss kein Fitness-Guru werden und auch nicht perfekt aussehen - einfach nur meine √úbungen machen und meinen Fortschritt verfolgen. So darf das sein. Danke :),Jamaramji,
1093858117,Sehr zufrieden,5,2017-05-04T12:12:23Z,False,Die App hat mir sehr geholfen. Die √úbungen sind gut erkl√§rt und die App l√§sst sich intuitiv bedienen. Vielen Dank!,Nikola M. 81,
1093858117,Ist genau wonach ich gesucht habe,5,2017-08-08T10:18:26Z,False,Ist genau wonach ich gesucht habe. Werde es auch meinen Eltern empfehlen.,Murmeli-Fan,
1093858117,"Super einfach, super effektiv",5,2017-05-04T20:48:08Z,False,"Sehr einfach verst√§ndliche, effektive App mit gute erkl√§rten √úbungen, f√ºr die man wirklich t√§glich Zeit findet und somit schnelle Erfolgserlebnisse erzielt!",e-kramer,
1093858117,Simpel und super!,5,2017-05-05T11:34:59Z,False,"Einfach zu bedienende App, die auch gut aussieht. Mir gef√§llt auch, dass die Videos mit ""normalen"" Menschen gedreht sind. So muss man sich nicht die ganze Zeit den perfekten K√∂rper eines Models anschauen.",forchettina,
1093858117,Klasse,5,2017-07-29T12:21:10Z,False,Vivira hilft mir nach meinen beiden Knie Tep und der Op am Spinalkanal zu Hause auch nach der Reha weiter √úbungen zu machen. Dankesch√∂n ‚ù£Ô∏èüíÅüèª,schwabu62,
1093858117,Endlich!,5,2017-05-09T13:43:43Z,False,Reha-App mit einfachen und gut strukturierten √úbungen! TOP,D-LVN,
1093858117,Very helpful,5,2017-05-02T20:48:20Z,False,"Does what it says - helped me reduce shoulder pain, with very similar exercises to ones I used to do with my physiotherapist. Exercises are well explained, and nothing pushes you to push your boundaries. We'll done.",Sam384893,
1093858117,Great App,5,2017-05-04T16:08:13Z,False,Works very well with constant updates. Helps me perfectly!,Eugen Pirogoff,
1093858117,Easy to use - very helpful,5,2017-05-04T19:51:41Z,False,The App helped a lot with overcoming my backpain. Well done!,Bear2317,
1093858117,Nur 1 Tag zum Testen,3,2019-08-27T05:51:20Z,False,"Die App sieht gut aus, die √úbungen werden gut erkl√§rt. Gratis Test war 1 Tag. Am n√§chsten Tag kam gleich die Aufforderung ein Abo abzuschlie√üen. Sorry, 1 Tag ist einfach zu wenig. Dann gleich zwischen 50-100 ‚Ç¨ verlangen, je nach Laufzeit des Abos,, finde ich zuviel Geld. Warum nicht eine k√ºrzere, g√ºnstige Einstiegsoption? Da kann man wirklich sehen, ob App und √úbungen so gut gefallen, dass man sich l√§nger binden m√∂chte. Daher nur 3 Sterne f√ºr den ersten Eindruck.",Ek_14050CB,"Hallo Ek_14050CB, danke f√ºr Ihren Review. √úber Ihren Arzt oder Physiotherapeuten k√∂nnen Sie eine verl√§ngerte Probephase von Vivira bekommen, falls sich Ihr Arzt oder Physiotherapeut unter service@vivira.com an uns wendet. Wir hoffen, Ihnen hiermit weiterhelfen zu k√∂nnen. Beste Gr√º√üe, Ihr Vivira Team"
1523016446,Endlich Hilfe - tolle App,4,2021-02-28T09:44:51Z,False,"Nach drei Jahrzehnten der Schlaflosigkeit,  langer Medikamenteneinahme und vieler Versuche , mein Problem los zu werden, habe ich durch die App den Mut gehabt, mich der Schlafrestriktion zu stellen. Es ist der einzig richtige Weg, seine Schlaflosigkeit los zu werden. Jedoch ben√∂tigt man viel Disziplin und die psychische Belastung ist sehr hoch, da man aus seinen alten Mustern heraus muss und sich einer Reduzierung der Bettliegezeit stellen muss. Was ich bem√§ngele ist, dass man das Schlaffenster nicht ver√§ndern/verk√ºrzen kann. Z.B sind Minimum 6 Stunden vorgegeben. Manchmal muss man aber auf 5Std gehen oder wenn man die Bettliegezeit um 15 min verl√§ngern darf (bei guter Schlafeffizienz) kann man nicht wieder verk√ºrzen, wenn es aufgrund schlechter Schlafeffizienz n√∂tig w√§re. Deshalb einen Stern Abzug",Despesch3,"Vielen Dank f√ºr Ihre R√ºckmeldung! Es freut uns sehr zu h√∂ren, dass Sie sich der Herausforderung der Schlafrestriktion stellen und wir w√ºnschen Ihnen weiterhin viel Erfolg und Durchhalteverm√∂gen dabei. Vor wenigen Tagen haben wir die Bedingungen zum Schlaffenster angepasst, um die Effektivit√§t der Therapie zu erh√∂hen, aber die Durchf√ºhrung auch ein wenig f√ºr unsere Nutzer:innen zu erleichtern. Diesen zufolge ist eine erneute Verk√ºrzung des Schlaffensters bei einer schlechteren Schlafeffizienz m√∂glich, wie von Ihnen gew√ºnscht. Das Schlaffenster ist auch zu jeder Zeit mindestens 6 Stunden lang, um einer zu hohen Belastung entgegenzuwirken. Bei weiteren Fragen melden Sie sich gerne unter support@mementor.de !"
1523016446,"Tolle Schlaf App, auf Rezept oder Techniker",5,2021-01-08T19:02:22Z,False,"Um eines vorab klar zu stellen, die App kann nicht einfach runter geladen und genutzt werden. Sie muss auf Rezept verschrieben werden - alternativ ist ein Zugang √ºber die Techniker Krankenkasse m√∂glich da hier eine Kooperation besteht.  In dieser App erfahrt hier viel hilfreiches √ºber das Thema Schlaf und M√∂glichkeiten diesen zu verbessern. Mit einem Schlaftagebuch kann man sich einen Eindruck √ºber die eigene Schlafqualit√§t verschaffen. Unterst√ºtzt wird das technisch derzeit (nur) mit Fitbit-Trackern. Albert, ein animierte Comic Figur, f√ºhrt in verschiedenen Einheiten durch das Schlaftraining. Sehr gut gemacht, hilfreich und definitiv eine bessere Alternative als zu sonstigen Hilfsmitteln zu greifen. Mir hat es geholfen.",mrmoon74,"Vielen Dank f√ºr Ihr Feedback! Es freut uns sehr zu h√∂ren, dass Sie sich f√ºr die Schlaftherapie mit somnio entschieden hatten und es eine gute Entscheidung war. Wir w√ºnschen weiterhin guten Schlaf!"
1523016446,Sehr gute Hilfe im Alltag,4,2021-01-26T21:11:11Z,False,"√úber meine Krankenkasse habe ich die Empfehlung bekommen. Mit dem Coach Albert (KI) hat die F√ºhrung durch das Programm super funktioniert. Es ist ein gut strukturierter Aufbau mit vielen Erkl√§rungen. Leider kann man keine Fragen im Programm selber loswerden, wenn die Antwortm√∂glichkeiten einem nicht ganz passend erscheinen. Meine Schlafprobleme (√ºber 6 Monate) waren schon nach 4 Wochen jedenfalls wesentlich weniger! Somit ist das Training eine wirklich gute Hilfe! Und das obwohl ich anfangs wegen Albert etwas skeptisch war!",Schuschnele,Vielen Dank f√ºr Ihr Feedback! Wir freuen uns mit Ihnen √ºber Ihren Trainingserfolg und w√ºnschen Ihnen alles Gute bei Ihrer weiteren Reise zu gutem Schlaf und gesteigertem Wohlbefinden. Fragen zum Training k√∂nnen Sie jederzeit auch an support@mementor.de richten. 
1523016446,Professioneller virtueller Schlafcoach,5,2021-01-06T16:17:07Z,False,"Durch somnio konnte ich erstmals verstehen, wie meine Schlafprobleme entstehen. Der virtuelle Schlafcoach Albert hat mir viel wichtiges Wissen und Tipps f√ºr die Praxis vermittelt, die ich direkt anwenden konnte. Durch das Schlaftagebuch, das neue Wissen und die Bettezeitverk√ºrzung konnte ich meine Schlafeffizienz steigern und ich f√ºhle mich tags√ºber deutlich vitaler als vor dem Programm. Ich kann somnio w√§rmstens weiterempfehlen, der Prozess der Verschreibung durch einen Arzt lohnt sich meiner Meinung nach.",larasiukos,"Vielen Dank f√ºr Ihr ausf√ºhrliches Feedback! Wir freuen uns sehr zu h√∂ren, dass die Funktionen der App f√ºr Sie eine Unterst√ºtzung waren, und hoffen, dass Sie weiterhin gut schlafen!"
1523016446,Ich kann endlich wieder schlafen!!!!,5,2020-11-15T20:41:00Z,False,"Mit Somnio habe ich es endlich geschafft, meinen Schlaf zur√ºckzubekommen. Ich hatte jahrelang schlimme Schlafprobleme, vor allem beim Einschlafen und habe schon viele Apps probiert. Nichts hat bei mir angeschlagen, bis ich Somnio empfohlen bekommen habe. Die App ist super strukturiert, der virtuelle Schlafcoach geht individuell auf alle Probleme ein und das Problem wird bei den Wurzeln gepackt und so dauerhaft behoben. Ich kann diese App wirklich nur weiterempfehlen!!",m√§uschen72,"Vielen Dank f√ºr Ihr Feedback! Wir freuen uns sehr zu h√∂ren, dass Sie Erfolg beim Training mit somnio hatten und wieder gut schlafen k√∂nnen. Alles Gute!"
1523016446,Sehr hilfreich,5,2021-02-27T17:47:09Z,False,"Laboriere schon lange an Schlafst√∂rungen und habe nun nochmal mehr Verst√§ndnis und einen f√ºr mich guten Ansatz gefunden. Genau genommen habe ich vorher etwas falsch gemacht und nun mit Hilfe von Alberts KI dieses Thema ins Gegenteil gedreht. Der Effekt hat sich eingestellt. Zwar noch keine v√∂llige Besserung, aber das war nach Jahren mit schlechtem Schlaf nicht sofort zu erwarten. Aber immerhin eine sp√ºrbare Verbesserung, die auch nachhaltig ist.",waldw√§rts,"Vielen Dank f√ºr Ihre R√ºckmeldung! Wir freuen uns mit Ihnen dar√ºber, dass Sie einen f√ºr Sie passenden Ansatz zum Umgang mit den Schlafst√∂rungen gefunden haben! F√ºr Ihren weiteren Weg zu gutem Schlaf w√ºnschen wir Ihnen weiterhin viel Erfolg und alles Gute."
1523016446,Sehr gut App zur Verbesserung des Schlafes,5,2021-01-23T17:36:17Z,False,"Ich war positiv √ºberrascht, dass ich √ºber meine Krankenkasse (TK) diese App nutzen konnte. Ich wurde sehr gut durch das gesamte Programm leitet. Sogar den Abschluss habe ich geschafft. Durch die App hat sich mein Schlaf nachhaltig verbessert und ich verstehe jetzt vieles in Bezug auf meinen Schlaf viel besser. Insgesamt eine sehr gelungene App!",RogerPodstatny,"Vielen Dank f√ºr Ihr Feedback! Es ist uns eine Freude, dass somnio Ihnen bei der langfristigen Verbesserung Ihres Schlafes eine Hilfe sein konnte. Alles Gute!"
1523016446,Sehr interessante und hilfreiche app!,4,2021-01-14T21:03:06Z,False,Ich habe das ganze Schlaftraining durchgef√ºhrt. Es wurden Tipps mitgeteilt die mir weitergeholfen haben besser einzuschlafen und durch zu schlafen. Einige Punkte konnte ich umsetzen und besonders gut fand ich die Entspannung. Die mache ich heute noch jeden Tag. Kurz und knapp gehalten aber effektiv und schnell mal zwischendurch gemacht. Auch wenn ich nachts nicht schlafen kann h√∂re ich sie mir an. Eine zweite Variante dazu w√§re sehr sch√∂n!,timea62,"Vielen Dank f√ºr Ihr Feedback! Wir freuen uns sehr zu h√∂ren, dass die App und insbesondere die Entspannungs√ºbung f√ºr Sie hilfreich war und w√ºnschen Ihnen alles Gute und einen guten, erholsamen Schlaf."
1523016446,Die App hat mir sehr geholfen!,5,2021-01-11T23:39:08Z,False,"Habe es mit Somnio und dem integrierten Sprachcoach Albert endlich geschafft, die Ursachen f√ºr meine Schlafprobleme zu finden und zu beheben. Seitdem haben sich meine Probleme beim Durchschlafen deutlich gebessert! Kann die App nur jedem empfehlen!",David_Smurgolgo,"Vielen Dank f√ºr Ihr Feedback! Es liegt uns am Herzen, dass unsere Nutzer:innen nicht nur Symptome, sondern Ursachen der Schlafprobleme erkennen und bearbeiten k√∂nnen. Deshalb freuen wir uns sehr √ºber Ihre R√ºckmeldung und w√ºnschen Ihnen alles Gute!"
1523016446,Super App!,5,2020-11-13T00:25:56Z,False,"Habe neulich √ºber die App gelesen und habe sie wegen meiner st√§ndigen Schlafprobleme direkt mal ausprobiert. Und ich muss sagen: ich bin begeistert! H√§tte nicht erwartet, dass das Programm wirklich so gut hilft. W√ºrde es immer weiterempfehlen",VergessenXX,"Vielen Dank f√ºr Ihr Feedback! Es freut uns sehr, dass die App Ihre Erwartungen √ºbertroffen hat und f√ºr Sie empfehlenswert ist. Wir w√ºnschen Ihnen alles Gute und einen guten, erholsamen Schlaf."
1523016446,"Sehr gut, knapp vor Spitze!",4,2021-01-07T13:23:47Z,False,"Ich habe das komplette Schlaf-Programm durchlaufen. Ich konnte viel √ºber mein Schlafverhalten lernen und den Schlaf verbessern. Viel geht eben √ºber den Kopf und das l√§sst sich mit dem App leicht erlernen. Bitte nicht von kleinen technischen Macken, vor allem bei der Anmeldung via Krankenkasse, abhalten lassen. Der Nutzen √ºberwiegt!",maxfini,"Vielen Dank f√ºr Ihr Feedback! Wir freuen uns sehr zu h√∂ren, dass die App f√ºr Sie hilfreich war und w√ºnschen Ihnen alles Gute und einen guten, erholsamen Schlaf. Bitte wenden Sie sich jederzeit bei technischen oder anderen Fehlern an support@mementor.de - wir helfen Ihnen sogleich weiter."
1523016446,Sehr hilfreich Schlafapp,5,2021-01-14T22:05:48Z,False,"Sehr gut durchdachtes und auch im Alltag leicht umzusetzendes, lebendig gestaltetes Konzept. Bei auftretenden Fragen steht ein professionelles Team zur Seite, was innerhalb kurzer Zeit antwortet.",anneluna2,"Vielen Dank f√ºr Ihr Feedback, auch an unser Support-Team! Wir freuen uns sehr zu h√∂ren, dass die App Ihren Entwartungen entsprochen hat und w√ºnschen Ihnen alles Gute und einen guten, erholsamen Schlaf."
1523016446,Tolle App!,5,2021-01-14T20:34:18Z,False,Ich habe das Programm komplett durchlaufen und mir hat die App sehr geholfen.,Ness;e,"Vielen Dank f√ºr Ihr Feedback! Wir freuen uns sehr zu h√∂ren, dass Sie das Programm erfolgreich abgeschlossen haben und w√ºnschen Ihnen alles Liebe und einen guten, erholsamen Schlaf."
1523016446,Sehr ansprechende App,5,2021-02-22T17:59:56Z,False,Die App wurde mir von meiner Krankenkasse empfohlen. Die Aufmachung des Programms sowie die strukturierte F√ºhrung durch die Inhalte hat mir gefallen. Mittlerweile kann ich gut mit etwaigen Schlafst√∂rungen umgehen und bin durch die somnio-App bewusster und zielstrebiger geworden. Ich kann die Anwendung nur weiter empfehlen. Mir jedenfalls hat sie sehr viel gebracht.,Hungen3,"Vielen Dank f√ºr Ihr Feedback! Wir freuen uns, dass Aufbau und Aufmachung des Trainings f√ºr Sie ansprechend waren und dass Sie es weiterempfehlen w√ºrden. Wir w√ºnschen Ihnen alles Gute bei Ihrer weiteren Reise zu gesunden, bewussten Schlafverhalten und gesteigertem Wohlbefinden."
1523016446,Sehr aufschlussreich,4,2021-01-29T14:20:26Z,False,"Mir hat die Anwendung der App gut gefallen. Viele Grundkenntnisse zum Thema ‚ÄûGuter Schlaf‚Äú. Waren sehr interessanten Informationen dabei. Leider habe ich zu sp√§t festgestellt, dass meine Schlafprobleme aufgrund eines Infekts und der Menopause bestanden. Der Part hatte in den Ausf√ºhrungen gefehlt. Sonst ist die App eine super Sache!",mali-bou,"Vielen Dank f√ºr Ihr Feedback! Wir freuen uns sehr zu h√∂ren, dass Sie einen Nutzen aus dem Programm ziehen konnten, obwohl es Ihre spezifischen Hintergr√ºnde nicht komplett erfasst hat. Alles Gute! "
1523016446,Spitze!,5,2020-10-22T08:12:01Z,False,Super App - √ºbersichtlich und dazu sehr hilfreich.  Kann ich nur empfehlen,Klaus xs,"Vielen Dank f√ºr Ihr Feedback! Wir freuen uns sehr zu h√∂ren, dass die App f√ºr Sie hilfreich und leicht zu bedienen war. Wir hoffen, dass Sie weiterhin immer besser schlafen k√∂nnen!"
1523016446,Schlaftraining,5,2021-02-25T10:50:56Z,False,"Das Somnio Schlaftraining ist ein gut und leicht verst√§ndlich aufgebautes Programm , also auch geeignet f√ºr Menschen , die im Internet nicht ganz so versiert sind .  Es ist h√∂chst ansprechend gemacht und macht Spa√ü , wenn das ‚ÄûSandm√§nnchen‚ÄúAlbert, das durch das Programm f√ºhrt, mal wieder seine Brille zurechtr√ºckt und mit seinen Armen wedelt....  Neben den vielen theoretischen Erkl√§rungen helfen sicherlich besonders die guten praktischen Anleitungen .  Dank Albert schlafe  ich jetzt deutlich besser durch und habe gelernt auch mal eine ungute Nacht nicht mehr so wichtig zu nehmen und damit mein Kreisen um die Wichtigkeit des Schlafes zu relativieren .  Danke an das Team , das mir bei Fragen stets so zeitnah antwortete und Hilfe anbot . Doris P√ºtz",sandmann albert,"Vielen Dank f√ºr Ihr Feedback! Es freut uns sehr zu h√∂ren, dass Sie ein gutes, ansprechendes und erfolgreiches Training mit Albert hatten, und einen entspannteren Umgang mit dem Thema Schlaf gefunden haben. Danke auch f√ºr das Lob an das Support-Team. Wir w√ºnschen Ihnen alles Gute und einen guten, erholsamen Schlaf! "
1523016446,Sehr empfehlenswert,5,2021-01-08T09:26:09Z,False,"Super Programm, meine erste App auf Rezept! Viel n√ºtzlicher Input von Albert. Hat mir geholfen mit meinen Schlafproblemen besser umzugehen!",lucifer_86,"Vielen Dank f√ºr Ihr Feedback! Wir freuen uns sehr zu h√∂ren, dass Albert Ihnen eine unterst√ºtzende Begleitung war, und hoffen, dass sich Ihre Schlafprobleme immer weiter verbessern."
1523016446,Tolles Schlaftraining,5,2021-03-08T12:36:59Z,False,"Ich habe die App √ºber die Techniker Krankenkasse bezogen, sie  kooperiert mit somnio. Ein Schlaftagebuch analysiert das Schlaf- verhalten und man erh√§lt Tipps und Informationen wie man es verbessert. Der Druck besser ein- und durchschlafen zu k√∂nnen wird einem durch Erkl√§rungen und Beispielen genommen, so dass sich die Schlafqualit√§t erheblich verbessert. Man wird von Albert, einem digitalen Schlafexperten durch verschiedene Module geleitet und erh√§lt hilfreiche Infos, die zu einem besseren Schlaf f√ºhren. Mir hat die App bzw. das Training gut geholfen, die  Schlafzeit hat sich erh√∂ht und ich bin dadurch konzentrierter und leistungsf√§higer.",martina- annett,
1523016446,Super App,5,2020-11-04T17:37:03Z,False,Kann jetzt selbst w√§hrend stressiger Pr√ºfungsphasen problemlos durchschlafen. War eine gute Entscheidung mir die App zu holen.,kfzkb,"Vielen Dank f√ºr Ihr Feedback! Wir freuen uns sehr zu h√∂ren, dass die App f√ºr Sie eine Unterst√ºtzung war und hoffen, dass Sie weiterhin so ausgeruht wie m√∂glich durch stressige Phasen kommen."
1523016446,Tolle Hilfe,4,2021-01-13T10:25:36Z,False,"Mir hat die Aufmachung des Programms sehr gut gefallen. Es ist optisch ansprechend und leicht zu handhaben. Man bekommt viele gute Infos und eine Analyse seines Schlafverhaltens und dann ein Programm an die Hand. Ich habe nach wenigen Tagen deutlich besser geschlafen. Man darf aber nicht vergessen, dass man daf√ºr Disziplin braucht und es nicht immer ganz einfach ist, ein sich vielleicht √ºber Jahre angew√∂hntes Verhalten zu √§ndern.  Mir wurden ein paar Zusammenh√§nge gut erkl√§rt und mir hat es den Druck genommen, immer gut schlafen zu m√ºssen. Ich bin oft mit dem Gedanken ins Bett, ob es diese Nacht besser wird und habe mich so schon gestresst ins Bett gelegt. Ich kann das Programm wirklich empfehlen, konnte sie kostenlos √ºber meine Krankenkasse nutzen. Der Bereich Entspannung kommt mit einer Audio-Datei zu kurz. Sicherlich kann man sich aber auch anderweitig Entspannungstechniken aneignen.",Schlappischlapp,"Vielen Dank f√ºr Ihr Feedback! Wir freuen uns sehr zu h√∂ren, dass die Funktionen der App f√ºr Sie hilfreich waren. Zur Entspannung ist momentan eine neue, zus√§tzliche 'Body Scan'-Meditation in Arbeit."
1523016446,Gut gemacht,5,2021-01-28T21:26:20Z,False,Sch√∂n gestaltete App mit Schlaftracker und vielen hilfreichen Tipps.,Gliwi,"Vielen Dank f√ºr Ihr Feedback! Wir freuen uns, dass Sie somnio und das Schlaftagebuch zu Ihrem Nutzen verwenden konnten, und w√ºnschen Ihnen alles Gute bei Ihrer weiteren Reise zu erholsamen Schlaf und gesteigertem Wohlbefinden."
1523016446,Ich kann besser durchschlafen,5,2021-02-25T21:45:28Z,False,Danke. Wirklich fundierte Inhalte. Hat mir sehr geholfen!,Anonym 9876,"Vielen Dank f√ºr den Kommentar! Es freut uns sehr zu h√∂ren, dass Sie wieder besser durchschlafen k√∂nnen und die Inhalte f√ºr Sie n√ºtzlich waren. Alles Gute!"
1523016446,technische Probleme - schade,1,2020-10-15T21:45:01Z,False,"Die App habe ich am gleichen Tag gel√∂scht. Beim Registrieren und Einloggen gab es Probleme und so hing ich in einer Anmeldedauerschleife - einloggen unm√∂glich.  Zus√§tzlich ist die Tagebuchfunktion umst√§ndlich zu erreichen. Schade, ich fand die Vorg√§ngerversion deutlich besser zu h√§ndeln.  Aber ohne Loginm√∂glichkeit ist die App f√ºr mich eh nicht nutzbar.",du BCC sahx,"Vielen Dank f√ºr das Feedback! Es tut uns Leid zu h√∂ren, dass Sie Anmeldeprobleme hatten. Falls Sie die App doch noch einmal ausprobieren m√∂chten, w√ºrden wir uns freuen, wenn Sie uns diese Probleme direkt per Mail an support@mementor.de genauer schildern, dann werden wir Ihnen so schnell wie m√∂glich weiterhelfen. Das Schlaftagebuch wurde vor kurzem von uns √ºberarbeitet - wir hoffen, dass es nun √ºbersichtlicher und einfacher zu bedienen ist."
1523016446,Unausgereift,2,2020-11-20T05:10:43Z,False,"Die App mag an sich gut sein (ich werde die Bewertung korrigieren, falls ich Erfolg habe), aber sie steckt noch in den Kinderschuhen. Man muss sich immer wieder einloggen. Das bekommen andere Apps besser hin, vor allem weil das Passwort sich hier nicht speichert. Au√üerdem ist immer wieder die Verbindung weg. Ich h√∂re den Sprecher nur mit Kopfh√∂rern, der Lautsprecher geht nicht. Gerade f√ºr die Tagebuchfunktion w√§re eine offline Eingabe super.",1ef2,"Vielen Dank f√ºr Ihr Feedback! Mittlerweile ist es m√∂glich, nach dem Einloggen 7 Tage lang auf demselben Ger√§t angemeldet zu bleiben. Ihre Idee f√ºr Offline-Eintr√§ge in das Tagebuch ber√ºcksichtigen wir gerne f√ºr zuk√ºnftige Versionen. Zu den Audio-Problemen w√ºrden wir Sie bitten, uns per support@mementor.de diese genauer zu schildern, damit wir das schnellstm√∂glich untersuchen k√∂nnen."
1523016446,Super!,5,2020-10-22T07:33:24Z,False,Die App und das Programm sind super! Absolute Weiterempfehlung! Hat mir total geholfen ü§©,LauritaPie,"Vielen Dank f√ºr Ihr Feedback! Wir freuen uns sehr zu h√∂ren, dass die App f√ºr Sie hilfreich und empfehlenswert ist und w√ºnschen Ihnen alles Gute und einen guten, erholsamen Schlaf."
1523016446,Fast keine Schlafst√∂rungen mehr!,5,2021-02-10T08:24:31Z,True,"Um gleich mit dem wichtigsten anzufangen: Ich habe das   Programm komplett durchgearbeitet. Das ging nur mit sehr viel Disziplin, hat Zeit gekostet (einige Wochen, Wiederholungen inklusive), und hat Ehrlichkeit sich selbst gegen√ºber erforderlich gemacht. Die Belohnung: Jetzt habe ich fast keine Schlafst√∂rungen mehr.   Am Anfang ist es etwas gew√∂hnungsbed√ºrftig, mit einem virtuellen ‚ÄûTrainer-M√§nnchen‚Äú zu kommunizieren. Aber man gew√∂hnt sich sehr schnell daran und erf√§hrt dann alles, was die Schlafforscher aktuell √ºber einen gesunden Schlaf, aber auch √ºber Schlafst√∂rungen wissen. Gleichzeitig wird gr√ºndlich aufger√§umt mit Mythen, die einem auch heutzutage z.T. noch eingetrichtert werden: dass zum Beispiel der Schlaf vor Mitternacht der wichtigste ist, dass man soundsoviel Stunden pro Nacht schlafen muss, dass ‚Äûschlechter‚Äú Schlaf krank macht etc.   Wichtig ist, dass man das Schlaf- und Wachprotokoll gewissenhaft und regelm√§√üig f√ºhrt. Umso pr√§ziser sind die individuellen Empfehlungen, die dann folgen: In meinem Fall zum Beispiel, grunds√§tzlich nicht vor Mitternacht zu Bett zu gehen und das Bett nach 6,5 Stunden wieder zu verlassen. Sieben Tage die Woche! Ungeachtet der Tatsache, ob man in dieser Zeit eine oder mehrere Stunden oder gar nicht geschlafen hat!   Und es wirkt: der Schlafdruck baut sich auf, den Rest regelt der nat√ºrliche Tag-Nacht-Rhythmus. Und mir reichen tats√§chlich 6,5 Stunden Schlaf (wusste ich zuvor nicht!!), und dann bin ich total fit und ausgeruht. Endlich kann ich auch schneller, d.h. nach max. 30 Minuten einschlafen; zuvor war das mein Hauptproblem, manchmal w√§lzte ich mich stundenlang im Bett.   Also ausprobieren -es lohnt sich wrklich!",Kaufrauscher,"Vielen Dank f√ºr Ihr sehr ausf√ºhrliches Feedback! Wir freuen uns mit Ihnen √ºber Ihren Trainingserfolg, und dass Sie sich der Herausforderung des verk√ºrzten Schlaffensters gestellt haben. Wir w√ºnschen Ihnen weiterhin einen guten, erholsamen Schlaf! "
1523016446,Die App ist unausgereift und √ºberteuert,1,2020-11-03T19:34:31Z,False,"Die Einf√ºhrung funktioniert schon nicht, das M√§nnlein erz√§hlt irgendwas, aber ich h√∂re nichts. Der Support hat sich zwar gemeldet, aber geholfen hat es nicht. Kein Ton. Dazu finde ich, dass die App sowas von √ºberteuert ist, knapp 500 EUR f√ºr 90 Tage??? Nein Danke, auch nicht, wenn die Kasse die Kosten tr√§gt, am Ende zahlt es der Beitragszahler",Titletittle,"Vielen Dank f√ºr das Feedback! Bitte melden Sie sich erneut unter support@mementor.de - wir sind uns sicher, dass wir Ihre Audiowiedergabeprobleme l√∂sen k√∂nnen. "
1523016446,Erster Eindruck,2,2021-03-29T14:55:41Z,False,"Der erste Eindruck der App ist gut. Die Bewertung werde ich sp√§ter aktualisieren, wenn ich mehr Erfahrungen mit ihr gemacht habe. Irritieren tut mich aktuell nur, dass die App nicht mit der Apple Watch zusammenarbeitet und nur Fitbit Ger√§te unterst√ºtzt.",alf_b,
1523016446,Sandm√§nnchensfrau,5,2021-01-15T11:45:59Z,False,"Nur durch Zufall bin ich √ºber meine Krankenkasse auf die Schlaf-App von Sommio gesto√üen. Eine Supersache!! Kostenfrei auch auf Rezept! Lange l√§dt ich unter ein und durch Schlafst√∂rungen.Ich wollte aber keine Lekt√ºre dazu lesen. Hier wird leicht verst√§ndlich Modul f√ºr Modul erkl√§rt, was beim Schlaf passiert und wie man langfristig zu einem guten Schlaf kommt. Die k√ºnstliche Intelligenz l√§sst gr√º√üen. Albert mein pers√∂nlicher Schlaftrainer in Comicform ist mir sehr ans Herz gewachsen. Wichtig ist allerdings Disziplin. Von Nix kommt Nix! D.h. jeden Tag Tagebuch f√ºhren morgens und abends. Vielleicht gibt es da noch Verbesserungspotenzial. Gut zu wissen und sehr beruhigend ist , dass jeder einen individuellen Schlaf hat. Und auch alles NORMAL ist. Das nimmt den Druck und f√∂rdert die Entspannung. Auch diese will ge√ºbt sein! Denn diese ist sehr wichtig. Ich w√ºrde mir w√ºnschen, dass die Lizenz erst fr√ºhestens nach einem Jahr der Benutzung (Tagesanzahl des Einloggens) endet und nicht nach Datum der Registrierung. Alles in allem kann ich diese App w√§rmstens empfehlen.",Sandm√§nnchensfrau,"Vielen Dank f√ºr Ihr detailliertes Feedback! Wir freuen uns sehr zu h√∂ren, dass Sie ein gutes Training mit Albert hatten und hoffen, dass Sie mit Leichtigkeit dran bleiben k√∂nnen und immer besser und erholsamer schlafen."
1499824614,Viel Luft nach oben,3,2021-03-20T12:11:47Z,False,"Die App selber hat meiner Meinung nach nur einen Stern verdient. Im Vergleich zu anderen Abnehm-Apps ist sie sehr schwach. Man kann keine eigenen Mahlzeiten anlegen, eingegebene Lebensmittel werden f√ºr wiederholten Gebrauch nicht lange genug gespeichert, und dann auch nur in einer Kategorie. Es gibt zu wenig M√∂glichkeiten, sein Profil zu √§ndern. Man kann beim Sporttracking nur wenige Sachen eingeben usw.  Was wirklich positiv zu erw√§hnen ist, sind die Interaktionen mit dem pers√∂nlichen Coach. Reaktionen auf Fragen und Anmerkungen erfolgen zeitnah und sind hilfreich. Leider gesteht die KK nur einen Videochat zu, hier w√§ren mMn mehrere hilfreich. Das ist aber nicht die Schuld von Zanadio.  Sobald die App wirklich gut anwendbar ist, werde ich meine Bewertung in 5 ‚≠êÔ∏è √§ndern.",BeatePaul,
1499824614,"Tolles Programm, Einstieg ungewohnt",5,2021-02-27T15:21:09Z,False,"Ich bin seit 3 Monaten im Programm und habe schon 9 kg abgenommen. Der Einstieg war etwas ‚Äûhakelig‚Äú, da die App anders funktioniert als Alternativen wie WeightWatchers- jetzt bin ich aber richtig happy! Weg √ºber Arzt und Kasse hat gut funktioniert. Meine √Ñrztin kannte das Programm noch nicht, ich konnte sie aber vom Programm √ºberzeugen und sie hat mir das Rezept ausgestellt.",Kaddel54,
1499824614,Top üëç,5,2021-03-31T16:16:48Z,False,Schon viel Ausprobiert. Allerdings bislang kein Programm erlebt was tats√§chlich auf einen nachhaltigen Gewichtsverlust ausgelegt ist. Anders ist das bei Zanadio. Hier gehts nicht darum schnell viel abzunehmen sondern langfristig eine essensbezogene Verhaltens√§nderung herbei zu f√ºhren. Dabei wird man pers√∂nlich von Coaches unterst√ºtzt. Das ist so einmalig. üëç ja die App hat von der Software her bestimmt noch Luft nach oben. Das Programm ist ja aber auch noch jung.,Der Lenker,
1499824614,Endlich wirkliche Unterst√ºtzung,5,2021-03-30T20:45:12Z,False,"Nach unendlich vielen Abnahmen und Jojos ist dies ein anderer Ansatz, als bei den herk√∂mmlichen Standarprogrammen. 12 Monate Coaching mit den richtigen Impulsen - ich nehme seit langem wieder ab und es geht mir super !   Keine Punkte, keine Verbote. Es geht um die eigene Verantwortung f√ºr sich selbst. Es hat bei mir klick gemacht , nachdem ich die ersten Videos geschaut habe.  Ich will es wirklich dauerhaft schaffen und besch√§ftige mich deshalb mit der App, die sicherlich noch verbessert werden kann- aber das digitale Programm ist ja auch noch recht neu. Es geht viel mehr darum, seine eigenen Ziele zu finden und zu definieren. Das ist noch wichtiger als das Kalorientracken.  Dabei gibt es st√§ndige Hilfe. Man kann Fragen stellen wann immer es passt und der Austausch funktioniert  wirklich gut. Der Videotermin war sehr angenehm und weiter motivierend.  Es ist Arbeit. Arbeit an sich selbst.  Zanadio ist eine tolle Unterst√ºtzung üòä Probiert es aus und lasst euch drauf ein. Es geht um eure gesunde Zukunft.",Bine315,
1499824614,Gute App,5,2021-03-31T18:08:56Z,False,"Eine App die mir gut hilft meine Gewohnheiten zu √ºberdenken und zu √§ndern. Ich finde den pers√∂nlichen Kontakt super, ich mag den Chat, den man immer nutzen kann wenn man mal nicht weiter wei√ü. Ich freu mich auf die n√§chsten Monate und auf das was da noch kommt.",CoBrm,
1499824614,Hilfreiche App,5,2021-02-26T17:24:58Z,False,Hab gute Unterst√ºtzung bekommen. War positiv √ºberrascht von der individuellen Betreuung und der Video Call hat mir die Augen ge√∂ffnet. Ausprobieren empfehle ich jedem.. kostet ja nichts!,Betty0103,
1499824614,Fortschritt in der Medizin,5,2021-03-15T11:51:57Z,False,"Endlich mal eine App, die nicht nur auf Ern√§hrung fokussiert ist sondern auch die Psychologie und Bewegung abdeckt und das v√∂llig kostenlos, vielen Dank!!! Ich bin voll zufrieden! Klare 5 Sterne!",ich nehme ab,
1499824614,Begeisterung pur,5,2021-03-10T14:09:24Z,False,Ich benutze die App seit Ende Januar ich bin total begeistert. Es macht einfach nur Spa√ü und die Gespr√§che sind toll und informativ ich kann‚Äôs nur empfehlen!,Sarahlein30ausK,
1499824614,Super!,5,2021-03-26T07:59:25Z,False,Funktioniert sehr gut . Die Ansprechpartner sind super nett und helfen einem bei jeder Frage . Man kann sehr viele Produkte mit dem Strichcode Einscannen. Also f√ºr mich ist die App mit allem drum und dran sehr gut . :) freu mich auf die n√§chsten Monate mit der App.,Eisenherz8585,
1499824614,Super Begleitung f√ºr eine Lebensumstellung,5,2021-02-15T19:37:14Z,False,Ich bin sehr zufrieden mit der Handhabung der App und den angebotenen Inhalten.,Mrs.krg,
1499824614,"Vielseitig, gibt viele Impulse f√ºr ges√ºnderes Leben",4,2021-02-04T10:01:19Z,False,"Pro: - Ganzheitliches Konzept mit Hilfe zu Ern√§hrung, Bewegung und psychologischen Tipps -pers√∂nliche Interaktion √ºber App mit Ern√§hrungsberatung und Bewegungscoaching (das war gut angepasst an mein Level, bei Sportangeboten bin ich sonst manchmal √ºberfordert und f√ºhle mich dann so schlecht, dass ich gar nicht mehr weiter machen mag) -Gute Erkl√§rvideos -Verst√§ndnis von Adipositas als Krankheit (man will ja wirklich dringend abnehmen und hier hat man nicht das Gef√ºhl als faul oder schwach abgestempelt zu werden, wenn es mal nicht so gut l√§uft) -einfache Integration mit Smartwatch: das individuelle Bewegungsziel hilft mir wirklich, um mich nach der Arbeit dazu zu motivieren nochmal eine Runde zu gehen -App wird laufend weiterentwickelt   Contra: -Ern√§hrungserfassung zu aufw√§ndig - das ist momentan nervig (da gibt es bessere Apps, die nur auf Ern√§hrung spezialisiert sind) -Ich w√ºrde mir noch mehr Videos und Inhalte zu Bewegung w√ºnschen -Teuer f√ºr Selbstzahler (f√ºr mich lief das ‚ÄûVerschreiben‚Äú der App durch meinen Arzt aber problemlos, sodass die Kosten von meiner Krankenkasse √ºbernommen werden)  Fazit: Nat√ºrlich ist das Abnehmen auch mit der App kein Selbstl√§ufer, aber ich bin sehr dankbar f√ºr die vielf√§ltigen Impulse, die Zanadio gibt. Langsam aber stetig geht es dabei in die richtig Richtung und ich merke auch, dass ich l√§nger ohne Probleme gehen kann. F√ºr Ern√§hrungstracking alleine gibt es bessere Apps, aber als Gesamtpaket zu empfehlen.",007Eule,
1499824614,Top,5,2021-03-21T20:11:20Z,False,Mega gut,nini lazer bike,
1499824614,Yahoo  besser.,2,2021-01-13T16:41:36Z,False,Lebensmittel kann man nicht scannen und mu√ü man alles von Hand eingeben.  Woher soll ich wissen wieviel mein H√§hnchen wiegt? Sport erkennt app auch nicht.  Schritte z√§hlen auch nicht.  Woher soll ich wissen wie lange ich gehe auf der Arbeit?  Alles muss man selber machen. Hoffe war Krankenkasse nicht zu teuer. Apple Watch kann man auch noch nicht verbinden..Hab jetzt Yazio.   Aufmachung gef√§llt mir auch nicht,Mrsavoxx,"Danke f√ºr Dein Feedback! Wir nehmen dies gerne auf und arbeiten kontinuierlich an einer Verbesserung unserer App sowie an der M√∂glichkeit, Lebensmittel noch einfacher zu erfassen und weitere Fitnesstracker zu den bereits vorhandenen automatisiert verbinden zu k√∂nnen."
1499824614,Ich wei√ü noch nicht,1,2021-03-06T17:25:10Z,False,"Also ich komme √ºberhaupt nicht zurecht mit dieser App, ich f√ºhle mich √ºberfordert und habe mir mehr versprochen davon",Brigi 13,Hallo! K√∂nnen wir Dich in der Nutzung des Programms unterst√ºtzen? Sende uns gerne eine Nachricht an support@zanadio.de oder wende dich direkt √ºber den Chat an unseren qualifizierten Support - wir helfen Dir gerne weiter.
1499824614,F√ºr den Preis/die Exklusivit√§t schon etwas mau,2,2021-01-23T08:36:14Z,True,"Die App kann, was die Benutzerfreundlichkeit angeht vieles besser machen und ist sehr umst√§ndlich zu bedienen. Lebensmittel m√ºssen jedes Mal per Hand eingegeben werden. Eine M√∂glichkeit zu scannen gibt es nicht. Man kann keine Lebensmittel, die man selbst herstellt speichern, sodass man sie schnell wiederverwenden kann.   Teilweise werden Eintr√§ge nicht √ºbernommen. Die Verkn√ºpfung mit Fitbit verstehe ich nicht ganz, eingetragene Lebensmittel werden von dort jedenfalls nicht √ºbernommen. Schritte oder Bewegung offenbar auch nicht. Das machen andere Ern√§hrungsapps viel besser.  Wenn man bedenkt, dass es diese App blo√ü auf Rezept gibt und sie sehr teuer ist, ist das schon eher mau.   Gut finde ich, dass man einen Fragebogen ausf√ºllen muss, wo unter anderem auch gesundheitliche Probleme aufgenommen werden, die dann ber√ºcksichtigt werden k√∂nnen.  ### Bearbeitung nach l√§ngerer Nutzung ###  Fazit: Ich hab aufgrunddessen jetzt schon keine Lust mehr sie weiter zu nutzen und w√ºrde am liebsten auf andere Apps umsteigen... Verlauf: Der Verlauf ist √ºberhaupt nicht √ºbersichtlich. Ich sehe nicht welche Lebensmittel ich zusammenh√§ngend an einem Tag zu mir genommen habe, sondern sehe nur die Kalorienanzahl und die Art der Mahlzeit. Alle Tage stehen einfach untereinander und reichen irgendwann bis in die Unendlichkeit. So etwas ist besser in einzelne Tage gesplittet aufgebaut, wie bei anderen Apps. Es werden keine N√§hrstoffe angezeigt, auch das h√§tte f√ºr manche einen Mehrwert durch Lerneffekt. Bearbeiten des Datums oder Hochladen des Fotos ist nachtr√§glich nicht m√∂glich, wenn man versehentlich etwas am falschen Tag eingetragen hat, muss man es also nochmal neu eintragen. Jeder Eintrag wird einzeln eingetragen. Es stehen dort also mehrfach Eintr√§ge f√ºr Fr√ºhst√ºck, Mittagessen und Abendessen pro Tag. Was wo eingetragen wurde sieht man nicht.   Lebensmittel hinzuf√ºgen: Es ist absolut umst√§ndlich Lebensmittel hinzuzuf√ºgen. Kalorien m√ºssen f√ºr viele Dinge selbst eingetragen werden. Das ist m√ºhselig und nervt. Hier m√ºssen immer andere Apps hinzugezogen werden. Man kann weder Rezepte noch Mahlzeiten zur Wiederverwendung speichern. Man kann keine Uhrzeit angeben. Falls man die Eintr√§ge sp√§ter eingibt, steht dort die Uhrzeit der Eintragung und nicht wann man die Mahlzeit zu sich genommen hat. Die Gefahr, dass es hier zu fehlerhaften Eintragungen kommt, ist ziemlich gro√ü. Ich gehe aktuell den Umweg √ºber andere Apps um Mahlzeiten hinzuzuf√ºgen. Das ist eigentlich unn√∂tig. Das man die Mahlzeit bewerten MUSS und sie ansonsten nicht eingetragen wird ist nicht eindeutig. Man kann Lebensmittel fast immer nur in Gramm eingeben. Nicht in ml... nicht in St√ºck... in Gramm oder vl. in Tassen. Auch Kaffee. Ich esse aber nicht 200g Kaffeebohnen.  Tagebuch: Man hat das Bed√ºrfnis auf die Kalorienzufuhr zu klicken, um zu sehen was man an diesem Tag zu sich genommen hat. Das funktioniert aber nicht. Stattdessen muss man zum un√ºbersichtlichen Verlauf, wo man jeden Eintrag erst bearbeiten muss, um die Lebensmittel sehen zu k√∂nnen und da sieht man sie dann auch nicht zusammenh√§ngend f√ºr den gesamten Tag. Das is absolut bescheuert. Ich kann mir vorstellen, dass auch das bei Nutzern evtl. auch zu Fehlern bei der Eintragung f√ºhrt, was ja dann auch alles andere als zielf√ºhrend ist.  Bugs: Schon mehrfach wurden meine Eintr√§ge gar nicht erst gespeichert. Aufgrund der Un√ºbersichtlichkeit des Verlaufs f√§llt das unter Umst√§nden aber nicht immer auf. Das hilft nicht gerade bei Ern√§hrungsoptimierung.",SadeSyn,"Vielen Dank! Wir sch√§tzen Dein offenes, konstruktives Feedback und arbeiten aktuell bereits an Optimierungen zur noch einfacheren Erfassung von Lebensmitteln sowie am Speichern eigener Rezepte."
1499824614,Unausgereift,1,2021-01-31T13:46:12Z,False,Viel zu umst√§ndlich und un√ºbersichtlich!,MeggiMei,"Danke f√ºr Deine R√ºckmeldung! Magst Du uns ein paar konkrete Punkte nennen, die wir verbessern sollten? Schicke uns diese gerne an support@zanadio.de. Wir arbeiten kontinuierlich an einer Optimierung der App und freuen uns √ºber wertvolles Feedback!"
